{
  "tile_processors": [
    {
      "type": "reference",
      "id": "the_vault:generic/treasure_door_placeholder"
    },
    {
      "type": "weighted_target",
      "target": "minecraft:stone",
      "output": {
        "minecraft:brown_concrete": 1,
        "auxiliaryblocks:gingerbread_block": 1
      }
    },
    {
      "type": "weighted_target",
      "target": "minecraft:cobblestone",
      "output": {
        "minecraft:brown_terracotta": 3,
        "quark:brown_shingles": 1
      }
    },
    {
      "type": "weighted_target",
      "target": "minecraft:gray_concrete",
      "output": {
        "minecraft:black_terracotta": 1
      }
    },
    {
      "type": "weighted_target",
      "target": "minecraft:grass_block",
      "output": {
        "auxiliaryblocks:gingerbread_icing_block": 1
      }
    },
    {
      "type": "weighted_target",
      "target": "minecraft:dirt",
      "output": {
        "auxiliaryblocks:gingerbread_candied_block": 1
      }
    },
    {
      "type": "weighted_target",
      "target": "minecraft:coarse_dirt",
      "output": {
        "everycomp:ap/ecologics/walnut_boards": 2,
        "ecologics:walnut_planks": 1,
        "ecologics:stripped_walnut_wood": 2
      }
    },
    {
      "type": "weighted_target",
      "target": "minecraft:stone_slab",
      "output": {
        "quark:polished_jasper_slab": 1
      }
    },
    {
      "type": "weighted_target",
      "target": "minecraft:cobblestone_slab",
      "output": {
        "create:cut_calcite_slab": 1
      }
    },
    {
      "type": "weighted_target",
      "target": "minecraft:spruce_slab",
      "output": {
        "ecologics:walnut_slab": 1
      }
    },
    {
      "type": "weighted_target",
      "target": "minecraft:purple_wool",
      "output": {
        "ecologics:walnut_wood": 1
      }
    },
    {
      "type": "weighted_target",
      "target": "minecraft:water",
      "output": {
        "minecraft:water": 1
      }
    },
    {
      "type": "weighted_target",
      "target": "minecraft:lava",
      "output": {
        "minecraft:lava": 1
      }
    },
    {
      "type": "weighted_target",
      "target": "minecraft:birch_log",
      "output": {
        "minecraft:air": 1
      }
    },
    {
      "type": "weighted_target",
      "target": "minecraft:birch_fence",
      "output": {
        "minecraft:air": 1
      }
    },
    {
      "type": "weighted_target",
      "target": "minecraft:warped_fence",
      "output": {
        "minecraft:dark_oak_fence": 1
      }
    },
    {
      "type": "weighted_target",
      "target": "minecraft:warped_wart_block",
      "output": {
        "auxiliaryblocks:drippy_icing_block": 1
      }
    },
    {
      "type": "weighted_target",
      "target": "minecraft:shroomlight",
      "output": {
        "auxiliaryblocks:drippy_icing_block": 1
      }
    },
    {
      "type": "weighted_target",
      "target": "architects_palette:twisted_fence",
      "output": {
        "minecraft:air": 1
      }
    },
    {
      "type": "weighted_target",
      "target": "minecraft:cave_vines_plant",
      "output": {
        "minecraft:air": 1
      }
    },
    {
      "type": "weighted_target",
      "target": "minecraft:cave_vines",
      "output": {
        "minecraft:air": 1
      }
    },
    {
      "type": "weighted_target",
      "target": "minecraft:spore_blossom",
      "output": {
        "minecraft:air": 1
      }
    },
    {
      "type": "weighted_target",
      "target": "minecraft:brown_wool",
      "output": {
        "auxiliaryblocks:ornament_blue[face=up]": 1,
        "auxiliaryblocks:ornament_cyan[face=up]": 1,
        "auxiliaryblocks:ornament_green[face=up]": 1,
        "auxiliaryblocks:ornament_light_blue[face=up]": 1,
        "auxiliaryblocks:ornament_lime[face=up]": 1,
        "auxiliaryblocks:ornament_orange[face=up]": 1,
        "auxiliaryblocks:ornament_red[face=up]": 1,
        "auxiliaryblocks:ornament_pink[face=up]": 1,
        "auxiliaryblocks:ornament_magenta[face=up]": 1,
        "auxiliaryblocks:ornament_purple[face=up]": 1
      }
    },
    {
      "type": "weighted_target",
      "target": "minecraft:pink_wool",
      "output": {
        "minecraft:air": 1
      }
    },
    {
      "type": "weighted_target",
      "target": "minecraft:grass",
      "output": {
        "auxiliaryblocks:gumdrop_red": 1,
        "auxiliaryblocks:gumdrop_green": 1,
        "auxiliaryblocks:ornament_red[face=down]": 1,
        "auxiliaryblocks:ornament_lime[face=down]": 1
      }
    },
    {
      "type": "weighted_target",
      "target": "minecraft:tall_grass[half=lower]",
      "output": {
        "auxiliaryblocks:cookie_pile": 4,
        "auxiliaryblocks:gingerbread_house[facing=north]": 1,
        "auxiliaryblocks:gingerbread_house[facing=south]": 1,
        "auxiliaryblocks:gingerbread_house[facing=east]": 1,
        "auxiliaryblocks:gingerbread_house[facing=west]": 1
      }
    },
    {
      "type": "weighted_target",
      "target": "minecraft:tall_grass[half=upper]",
      "output": {
        "minecraft:air": 1
      }
    },
    {
      "type": "weighted_target",
      "target": "minecraft:twisting_vines_plant",
      "output": {
        "auxiliaryblocks:lollipop_stick": 1
      }
    },
    {
      "type": "weighted_target",
      "target": "minecraft:twisting_vines",
      "output": {
        "auxiliaryblocks:lollipop_pink[face=down]": 1,
        "auxiliaryblocks:lollipop_blue[face=down]": 1,
        "auxiliaryblocks:lollipop_green[face=down]": 1
      }
    },
    {
      "type": "weighted_target",
      "target": "minecraft:fern",
      "output": {
        "auxiliaryblocks:festive_cake": 1,
        "minecraft:air": 3
      }
    },
    {
      "type": "weighted_target",
      "target": "minecraft:lime_wool",
      "output": {
        "minecraft:white_concrete": 1,
        "auxiliaryblocks:drippy_icing_block": 2
      }
    },
    {
      "type": "weighted_target",
      "target": "minecraft:cyan_wool",
      "output": {
        "auxiliaryblocks:white_crystal": 1,
        "auxiliaryblocks:white_frameless_glass": 2
      }
    },
    {
      "type": "weighted_target",
      "target": "minecraft:oak_log",
      "output": {
        "minecraft:stripped_acacia_log": 1
      }
    },
    {
      "type": "weighted_target",
      "target": "minecraft:oak_wood",
      "output": {
        "minecraft:stripped_acacia_wood": 1
      }
    },
    {
      "type": "weighted_target",
      "target": "minecraft:oak_leaves",
      "output": {
        "auxiliaryblocks:drippy_icing_block": 1
      }
    },
    {
      "type": "weighted_target",
      "target": "minecraft:oak_planks",
      "output": {
        "architects_palette:acacia_boards": 3,
        "minecraft:acacia_planks": 1
      }
    },
    {
      "type": "weighted_target",
      "target": "minecraft:oak_fence",
      "output": {
        "everycomp:mcf/ecologics/walnut_horse_fence": 1
      }
    },
    {
      "type": "weighted_target",
      "target": "minecraft:oak_slab",
      "output": {
        "minecraft:acacia_slab": 1
      }
    },
    {
      "type": "weighted_target",
      "target": "minecraft:oak_trapdoor",
      "output": {
        "decorative_blocks:lattice": 1,
        "mcwtrpdoors:acacia_barn_trapdoor":2,
        "mcwtrpdoors:acacia_four_panel_trapdoor": 3
      }
    },
    {
      "type": "weighted_target",
      "target": "minecraft:oak_stairs",
      "output": {
        "minecraft:acacia_stairs": 1
      }
    },
    {
      "type": "weighted_target",
      "target": "minecraft:stone_bricks",
      "output": {
        "create:polished_cut_calcite": 1,
        "create:cut_calcite_bricks": 2
      }
    },
    {
      "type": "weighted_target",
      "target": "minecraft:stone_brick_stairs",
      "output": {
        "create:cut_calcite_brick_stairs": 2,
        "create:polished_cut_calcite_stairs": 1
      }
    },
    {
      "type": "weighted_target",
      "target": "create:andesite_pillar",
      "output": {
        "create:calcite_pillar": 1
      }
    },
    {
      "type": "weighted_target",
      "target": "minecraft:chiseled_stone_bricks",
      "output": {
        "auxiliaryblocks:drippy_icing_block": 1
      }
    },
    {
      "type": "weighted_target",
      "target": "minecraft:stone_brick_slab",
      "output": {
        "create:cut_calcite_brick_slab": 2,
        "create:polished_cut_calcite_slab": 1
      }
    },
    {
      "type": "weighted_target",
      "target": "quark:stone_brick_vertical_slab",
      "output": {
        "architects_palette:calcite_brick_vertical_slab": 1
      }
    },
    {
      "type": "weighted_target",
      "target": "quark:stone_vertical_slab",
      "output": {
        "twigs:calcite_vertical_slab": 1,
        "twigs:polished_calcite_vertical_slab": 1
      }
    },
    {
      "type": "weighted_target",
      "target": "minecraft:stone_brick_wall",
      "output": {
        "quark:calcite_bricks_wall": 1
      }
    },
    {
      "type": "weighted_target",
      "target": "minecraft:cobblestone_wall",
      "output": {
        "architects_palette:calcite_brick_wall": 1
      }
    },
    {
      "type": "weighted_target",
      "target": "minecraft:cobblestone_stairs",
      "output": {
        "twigs:polished_calcite_stairs": 1,
        "quark:calcite_stairs": 1
      }
    },
    {
      "type": "weighted_target",
      "target": "minecraft:mossy_stone_bricks",
      "output": {
        "architects_palette:calcite_bricks": 1
      }
    },
    {
      "type": "weighted_target",
      "target": "minecraft:mossy_cobblestone",
      "output": {
        "auxiliaryblocks:candy_cane_block": 1
      }
    },
    {
      "type": "weighted_target",
      "target": "minecraft:green_concrete",
      "output": {
        "auxiliaryblocks:red_gelatin": 1
      }
    },
    {
      "type": "weighted_target",
      "target": "minecraft:moss_carpet",
      "output": {
        "minecraft:air": 1
      }
    },
    {
      "type": "weighted_target",
      "target": "decorative_blocks:brazier",
      "output": {
        "decorative_blocks:brazier": 1
      }
    },
    {
      "type": "weighted_target",
      "target": "minecraft:campfire",
      "output": {
        "minecraft:campfire": 1
      }
    },
    {
      "type": "weighted_target",
      "target": "minecraft:lantern",
      "output": {
        "supplementaries:copper_lantern": 1
      }
    },
    {
      "type": "weighted_target",
      "target": "supplementaries:wall_lantern{Lantern:{Name:\"minecraft:lantern\"}}",
      "output": {
          "supplementaries:wall_lantern{Lantern:{Name:\"supplementaries:copper_lantern\",Properties:{waterlogged:\"false\", hanging:\"false\"}}}": 1
      }
  },
    {
      "type": "weighted_target",
      "target": "minecraft:soul_lantern",
      "output": {
        "supplementaries:copper_lantern": 1
      }
    },
    {
      "type": "weighted_target",
      "target": "minecraft:glass",
      "output": {
        "minecraft:light[level=15]": 1
      }
    },
    {
      "type": "weighted_target",
      "target": "minecraft:cyan_stained_glass",
      "output": {
        "auxiliaryblocks:white_crystal": 1
      }
    },
    {
      "type": "weighted_target",
      "target": "minecraft:light_blue_stained_glass",
      "output": {
        "auxiliaryblocks:white_frameless_glass": 1
      }
    },
    {
      "type": "weighted_target",
      "target": "minecraft:bookshelf",
      "output": {
        "everycomp:q/ecologics/walnut_bookshelf": 1
      }
    },
    {
      "type": "weighted_target",
      "target": "ecologics:azalea_log",
      "output": {
        "auxiliaryblocks:candy_cane_block": 1
      }
    },
    {
      "type": "weighted_target",
      "target": "ecologics:azalea_fence",
      "output": {
        "quark:blossom_fence": 1
      }
    },
    {
      "type": "weighted_target",
      "target": "create:cut_crimsite_wall",
      "output": {
        "create:cut_calcite_wall": 1
      }
    },
    {
      "type": "weighted_target",
      "target": "quark:azalea_log",
      "output": {
        "create:calcite_pillar": 1
      }
    },
    {
      "type": "weighted_target",
      "target": "quark:azalea_planks",
      "output": {
        "auxiliaryblocks:drippy_icing_block": 1
      }
    },
    {
      "type": "weighted_target",
      "target": "quark:azalea_planks_stairs",
      "output": {
        "create:polished_cut_calcite_stairs": 1,
        "create:cut_calcite_brick_stairs": 2
      }
    },
    {
      "type": "weighted_target",
      "target": "create:cut_veridium_wall",
      "output": {
        "create:cut_calcite_wall": 1,
        "create:cut_calcite_brick_wall": 2
      }
    },
    {
      "type": "weighted_target",
      "target": "minecraft:sand",
      "output": {
          "minecraft:white_concrete_powder": 1
      }
    },
    {
      "type": "weighted_target",
      "target": "minecraft:potted_oak_sapling",
      "output": {
          "minecraft:potted_lily_of_the_valley": 1
        }
    },
    {
        "type": "weighted_target",
        "target": "quark:oak_hedge",
        "output": {
            "quark:spruce_hedge": 1
        }
    },
    {
      "type": "weighted_target",
      "target": "decorative_blocks:oak_support",
      "output": {
        "everycomp:db/ecologics/walnut_support": 1
      }
    },
    {
      "type": "weighted_target",
      "target": "minecraft:end_stone_bricks",
      "output": {
        "minecraft:red_nether_bricks": 1
      }
    },
    {
      "type": "weighted_target",
      "target": "minecraft:end_stone_brick_stairs",
      "output": {
        "minecraft:red_nether_brick_stairs": 1
      }
    },
    {
      "type": "weighted_target",
      "target": "minecraft:end_stone_brick_slab",
      "output": {
        "minecraft:red_nether_brick_slab": 1
      }
    },
    {
      "type": "weighted_target",
      "target": "minecraft:end_stone",
      "output": {
        "auxiliaryblocks:red_gelatin": 1
      }
    },
    {
      "type": "reference",
      "id": "the_vault:generic/room_base"
    },
    {
      "type": "reference",
      "id": "the_vault:generic/spawners/festive_mobs"
    },
    {
        "type": "reference",
        "id": "the_vault:generic/festive_common_elite_spawners"
    },
    {
      "type": "weighted_target",
      "target": "the_vault:wooden_chest",
      "output": {
        "the_vault:wooden_chest[variant=present]": 1
      }
    },
    {
      "type": "weighted_target",
      "target": "the_vault:gilded_chest",
      "output": {
        "the_vault:gilded_chest[variant=present]": 1
      }
    },
    {
      "type": "weighted_target",
      "target": "the_vault:ornate_chest",
      "output": {
        "the_vault:ornate_chest[variant=present]": 1
      }
    },
    {
      "type": "weighted_target",
      "target": "the_vault:living_chest",
      "output": {
        "the_vault:living_chest[variant=present]": 1
      }
    },
    {
      "type": "weighted_target",
      "target": "the_vault:treasure_chest",
      "output": {
        "the_vault:treasure_chest[variant=present]": 1
      }
    },
    {
      "type": "leveled",
      "levels": [
        {
            "level": 0,
            "type": "weighted_target",
            "target": "the_vault:xp_altar",
            "output": {
                "the_vault:xp_altar{Replacement: \"the_vault:altar_chest[variant=present]{LootTable:\\\"the_vault:altar_chest_lvl0_v2\\\"}\"}": 1
            }
        }
      ]
    },
    {
      "type": "leveled",
      "levels": [
        {
            "level": 0,
            "type": "weighted_target",
            "target": "the_vault:blood_altar",
            "output": {
              "the_vault:blood_altar{Replacement: \"the_vault:altar_chest[variant=present]{LootTable:\\\"the_vault:altar_chest_lvl0_v2\\\"}\"}": 1
            }
        }
      ]
    },
    {
      "type": "leveled",
      "levels": [
        {
            "level": 0,
            "type": "weighted_target",
            "target": "the_vault:time_altar",
            "output": {
              "the_vault:time_altar{Replacement: \"the_vault:altar_chest[variant=present]{LootTable:\\\"the_vault:altar_chest_lvl0_v2\\\"}\"}": 1
            }
        }
      ]
    },
    {
      "type": "leveled",
      "levels": [
        {
            "level": 0,
            "type": "weighted_target",
            "target": "the_vault:soul_altar",
            "output": {
              "the_vault:soul_altar{Replacement: \"the_vault:altar_chest[variant=present]{LootTable:\\\"the_vault:altar_chest_lvl0_v2\\\"}\"}": 1
            }
        }
      ]
    },
    {
      "type": "weighted_target",
      "target": "the_vault:treasure_door",
      "output": {
        "the_vault:treasure_door{Pool:\"the_vault:vault/treasure_rooms/treasure_rooms\", Target: \"the_vault:treasure_room\", Palettes: [\"the_vault:treasure_rooms/festive_treasure_rooms\"] }": 1
      }
    }
  ],
  "entity_processors": [],
  "decorators": []
}