{
  "KNOWLEDGE_MODIFIERS": [
    {
      "knowledge": 2,
      "name": "AddKnowledge2",
      "description": "+2 Knowledge",
      "color": "2555903",
      "voteLockDurationChangeSeconds": 0
    },
    {
      "knowledge": 3,
      "name": "AddKnowledge3",
      "description": "+3 Knowledge",
      "color": "2555903",
      "voteLockDurationChangeSeconds": 0
    },
    {
      "knowledge": 4,
      "name": "AddKnowledge4",
      "description": "+4 Knowledge",
      "color": "2555903",
      "voteLockDurationChangeSeconds": 0
    },
    {
      "knowledge": 5,
      "name": "AddKnowledge5",
      "description": "+5 Knowledge",
      "color": "2555903",
      "voteLockDurationChangeSeconds": 0
    },
    {
      "knowledge": -2,
      "name": "RemoveKnowledge2",
      "description": "-2 Knowledge",
      "color": "4784041",
      "voteLockDurationChangeSeconds": 0
    },
    {
      "knowledge": -3,
      "name": "RemoveKnowledge3",
      "description": "-3 Knowledge",
      "color": "4784041",
      "voteLockDurationChangeSeconds": 0
    },
    {
      "knowledge": -4,
      "name": "RemoveKnowledge4",
      "description": "-4 Knowledge",
      "color": "4784041",
      "voteLockDurationChangeSeconds": 0
    },
    {
      "knowledge": -5,
      "name": "RemoveKnowledge5",
      "description": "-5 Knowledge",
      "color": "4784041",
      "voteLockDurationChangeSeconds": 0
    }
  ],
  "MOB_HEALTH_MODIFIERS": [
    {
      "healthIncrease": 0.2,
      "name": "MobHealth20",
      "description": "+20% Mob Health",
      "color": "16720188",
      "voteLockDurationChangeSeconds": 0
    },
    {
      "healthIncrease": 0.05,
      "name": "MobHealth5",
      "description": "+5% Mob Health",
      "color": "16720188",
      "voteLockDurationChangeSeconds": 0
    },
    {
      "healthIncrease": 0.1,
      "name": "MobHealth10",
      "description": "+10% Mob Health",
      "color": "16720188",
      "voteLockDurationChangeSeconds": 0
    },
    {
      "healthIncrease": 0.5,
      "name": "MobHealth50",
      "description": "+50% Mob Health",
      "color": "16720188",
      "voteLockDurationChangeSeconds": 0
    }
  ],
  "VAULT_MODIFIER_MODIFIERS": [
    {
      "addedModifier": "Mob",
      "name": "AddMob",
      "description": "+1 Mobs",
      "color": "15220516",
      "voteLockDurationChangeSeconds": 0
    },
    {
      "addedModifier": "Silence",
      "name": "RemoveMob",
      "description": "-1 Mobs",
      "color": "16364031",
      "voteLockDurationChangeSeconds": 0
    },
    {
      "addedModifier": "Awkward",
      "name": "AddAwkward",
      "description": "-15% Parry",
      "color": "13338221",
      "voteLockDurationChangeSeconds": 0
    },
    {
      "addedModifier": "Exposed",
      "name": "AddExposed",
      "description": "-15% Resistance",
      "color": "13277787",
      "voteLockDurationChangeSeconds": 0
    }
  ],
  "VAULT_TIME_MODIFIERS": [
    {
      "timeChange": 60,
      "name": "AddTime60",
      "description": "+60 Seconds",
      "color": "16769340",
      "voteLockDurationChangeSeconds": 0
    },
    {
      "timeChange": 90,
      "name": "AddTime90",
      "description": "+90 Seconds",
      "color": "16769340",
      "voteLockDurationChangeSeconds": 0
    },
    {
      "timeChange": 120,
      "name": "AddTime120",
      "description": "+120 Seconds",
      "color": "16769340",
      "voteLockDurationChangeSeconds": 0
    },
    {
      "timeChange": 30,
      "name": "AddTime30",
      "description": "+30 Seconds",
      "color": "16769340",
      "voteLockDurationChangeSeconds": 0
    },
    {
      "timeChange": -60,
      "name": "RemoveTime60",
      "description": "-60 Seconds",
      "color": "15368539",
      "voteLockDurationChangeSeconds": 0
    },
    {
      "timeChange": -30,
      "name": "RemoveTime30",
      "description": "-30 Seconds",
      "color": "15368539",
      "voteLockDurationChangeSeconds": 0
    },
    {
      "timeChange": -15,
      "name": "RemoveTime15",
      "description": "-15 Seconds",
      "color": "15368539",
      "voteLockDurationChangeSeconds": 0
    }
  ],
  "bossKillsNeeded": 10,
  "totalKnowledgeNeeded": 12,

  "pairs": [
    {
      "value": {
        "positive": "AddKnowledge2",
        "negative": "AddAwkward"
      },
      "weight": 10
    },
    {
      "value": {
        "positive": "AddKnowledge2",
        "negative": "AddExposed"
      },
      "weight": 10
    },
    {
      "value": {
        "positive": "AddKnowledge2",
        "negative": "MobHealth10"
      },
      "weight": 16
    },
    {
      "value": {
        "positive": "AddKnowledge2",
        "negative": "AddMob"
      },
      "weight": 16
    },
    {
      "value": {
        "positive": "AddKnowledge3",
        "negative": "AddAwkward"
      },
      "weight": 10
    },
    {
      "value": {
        "positive": "AddKnowledge3",
        "negative": "AddExposed"
      },
      "weight": 8
    },
    {
      "value": {
        "positive": "AddKnowledge3",
        "negative": "MobHealth10"
      },
      "weight": 6
    },
    {
      "value": {
        "positive": "AddKnowledge3",
        "negative": "RemoveTime30"
      },
      "weight": 8
    },
    {
      "value": {
        "positive": "AddKnowledge3",
        "negative": "AddMob"
      },
      "weight": 14
    },
    {
      "value": {
        "positive": "AddKnowledge4",
        "negative": "AddAwkward"
      },
      "weight": 8
    },
    {
      "value": {
        "positive": "AddKnowledge4",
        "negative": "AddExposed"
      },
      "weight": 4
    },
    {
      "value": {
        "positive": "AddKnowledge4",
        "negative": "MobHealth10"
      },
      "weight": 6
    },
    {
      "value": {
        "positive": "AddKnowledge4",
        "negative": "RemoveTime15"
      },
      "weight": 4
    },
    {
      "value": {
        "positive": "AddKnowledge4",
        "negative": "RemoveTime30"
      },
      "weight": 4
    },
    {
      "value": {
        "positive": "AddKnowledge4",
        "negative": "AddMob"
      },
      "weight": 8
    },
    {
      "value": {
        "positive": "AddKnowledge5",
        "negative": "AddAwkward"
      },
      "weight": 2
    },
    {
      "value": {
        "positive": "AddKnowledge5",
        "negative": "AddExposed"
      },
      "weight": 1
    },
    {
      "value": {
        "positive": "AddKnowledge5",
        "negative": "MobHealth20"
      },
      "weight": 4
    },
    {
      "value": {
        "positive": "AddKnowledge5",
        "negative": "RemoveTime30"
      },
      "weight": 2
    },
    {
      "value": {
        "positive": "AddKnowledge5",
        "negative": "RemoveTime30"
      },
      "weight": 6
    },
    {
      "value": {
        "positive": "AddKnowledge5",
        "negative": "RemoveTime60"
      },
      "weight": 2
    },
    {
      "value": {
        "positive": "AddKnowledge5",
        "negative": "AddMob"
      },
      "weight": 8
    },




    {
      "value": {
        "positive": "AddTime30",
        "negative": "AddAwkward"
      },
      "weight": 12
    },
    {
      "value": {
        "positive": "AddTime30",
        "negative": "AddExposed"
      },
      "weight": 6
    },
    {
      "value": {
        "positive": "AddTime30",
        "negative": "MobHealth5"
      },
      "weight": 10
    },
    {
      "value": {
        "positive": "AddTime30",
        "negative": "MobHealth10"
      },
      "weight": 6
    },
    {
      "value": {
        "positive": "AddTime30",
        "negative": "RemoveKnowledge4"
      },
      "weight": 12
    },
    {
      "value": {
        "positive": "AddTime30",
        "negative": "RemoveKnowledge2"
      },
      "weight": 6
    },
    {
      "value": {
        "positive": "AddTime30",
        "negative": "AddMob"
      },
      "weight": 8
    },





    {
      "value": {
        "positive": "AddTime60",
        "negative": "AddAwkward"
      },
      "weight": 4
    },
    {
      "value": {
        "positive": "AddTime60",
        "negative": "AddExposed"
      },
      "weight": 1
    },
    {
      "value": {
        "positive": "AddTime60",
        "negative": "MobHealth10"
      },
      "weight": 4
    },
    {
      "value": {
        "positive": "AddTime60",
        "negative": "RemoveKnowledge5"
      },
      "weight": 6
    },
    {
      "value": {
        "positive": "AddTime60",
        "negative": "RemoveKnowledge4"
      },
      "weight": 6
    },
    {
      "value": {
        "positive": "AddTime60",
        "negative": "RemoveKnowledge2"
      },
      "weight": 10
    },
    {
      "value": {
        "positive": "AddTime60",
        "negative": "AddMob"
      },
      "weight": 6
    },

    {
      "value": {
        "positive": "AddTime90",
        "negative": "AddMob"
      },
      "weight": 6
    },
    {
      "value": {
        "positive": "AddTime90",
        "negative": "AddAwkward"
      },
      "weight": 4
    },
    {
      "value": {
        "positive": "AddTime90",
        "negative": "RemoveKnowledge5"
      },
      "weight": 10
    },




    {
      "value": {
        "positive": "AddTime120",
        "negative": "AddMob"
      },
      "weight": 6
    },
    {
      "value": {
        "positive": "AddTime120",
        "negative": "AddAwkward"
      },
      "weight": 4
    },
    {
      "value": {
        "positive": "AddTime90",
        "negative": "RemoveKnowledge5"
      },
      "weight": 8
    },



    
    {
      "value": {
        "positive": "RemoveMob",
        "negative": "RemoveTime30"
      },
      "weight": 10
    },
    {
      "value": {
        "positive": "RemoveMob",
        "negative": "RemoveTime15"
      },
      "weight": 6
    },
    {
      "value": {
        "positive": "RemoveMob",
        "negative": "RemoveKnowledge2"
      },
      "weight": 4
    },
    {
      "value": {
        "positive": "RemoveMob",
        "negative": "RemoveKnowledge3"
      },
      "weight": 5
    },
    {
      "value": {
        "positive": "RemoveMob",
        "negative": "RemoveKnowledge4"
      },
      "weight": 6
    },
    {
      "value": {
        "positive": "RemoveMob",
        "negative": "AddAwkward"
      },
      "weight": 8
    },
    {
      "value": {
        "positive": "RemoveMob",
        "negative": "AddExposed"
      },
      "weight": 6
    },
    {
      "value": {
        "positive": "RemoveMob",
        "negative": "MobHealth10"
      },
      "weight": 8
    },
    {
      "value": {
        "positive": "RemoveMob",
        "negative": "MobHealth5"
      },
      "weight": 6
    }
  ]
}