{
  "GIFT_LOOTS": [
	{
      "ITEM": "the_vault:mystery_box",
      "NBT": "{}",
      "AMOUNT": 1
    },
	  {
      "ITEM": "the_vault:oozing_pizza",
      "NBT": "{}",
      "AMOUNT": 3
    }
  ],
  "SUPER_GIFT_LOOTS": [
    {
      "ITEM": "the_vault:mystery_box",
      "NBT": "{}",
      "AMOUNT": 2
    },
	  {
      "ITEM": "the_vault:oozing_pizza",
      "NBT": "{}",
      "AMOUNT": 5
    }
  
  ],
  "MEGA_GIFT_LOOTS": [
    {
      "ITEM": "the_vault:mystery_box",
      "NBT": "{}",
      "AMOUNT": 2
    },
	  {
      "ITEM": "the_vault:vault_burger",
      "NBT": "{}",
      "AMOUNT": 1
    }
  
  ],
  "OMEGA_GIFT_LOOTS": [
    {
      "ITEM": "the_vault:mystery_box",
      "NBT": "{}",
      "AMOUNT": 5
    },
	  {
      "ITEM": "the_vault:vault_burger",
      "NBT": "{}",
      "AMOUNT": 2
    }
  ]
}