{
  "PROMINENT_STATS_DESCRIPTIONS": {
    "damage": "Your total damage per second in an ideal situation, including any damage affecting attributes or talents, except Holy/Spiteful/Baneful",
    "hearts": "Your total health in hearts",
    "defense": "Your total protection level including armour, resistance and block chance",
    "mana": "Your total mana",
    "greed": "Your total Greed levels - gained after reaching max level"
  },
  "MOD_GEAR_ATTRIBUTE_DESCRIPTIONS": {
    "the_vault:armor": "Your armor value",
    "the_vault:attack_damage": "Your damage value",
    "the_vault:attack_speed": "Your attack speed value",
    "the_vault:attack_speed_percent": "",
    "the_vault:block": "Your chance to block any incoming damage",
    "the_vault:cooldown_reduction": "Your cooldown reduction to use skills",
    "the_vault:critical_hit_chance": "Your chance to hit a crticial hit",
    "the_vault:critical_hit_mitigation": "Your chance to ",
    "the_vault:damage_illagers": "Your extra damage towards illagers",
    "the_vault:damage_increase": "Your total amout of extra damage",
    "the_vault:damage_spiders": "Your extra damage towards spiders",
    "the_vault:damage_undead": "Your extra damage towards undead",
    "the_vault:durability": "",
    "the_vault:durability_wear_reduction": "",
    "the_vault:fatal_strike_chance": "Your chance to land a fatal strike",
    "the_vault:fatal_strike_damage": "Your totale fatal strike damage",
    "the_vault:fire_immunity": "",
    "the_vault:health": "Your total amount of healt points",
    "the_vault:item_quantity": "",
    "the_vault:item_rarity": "",
    "the_vault:knockback_resistance": "",
    "the_vault:leech": "",
    "the_vault:mana_additive": "",
    "the_vault:mana_additive_percentile": "",
    "the_vault:mana_regen": "",
    "the_vault:on_hit_aoe": "",
    "the_vault:on_hit_chain": "",
    "the_vault:on_hit_stun": "",
    "the_vault:reach": "The blocks you can reach from standing",
    "the_vault:resistance": "",
    "the_vault:soul_chance": "",
    "the_vault:soulbound": "",
    "the_vault:sweeping_hit_chance": "Your chance to land a sweeping hit",
    "the_vault:thorns_chance": "Your chance to trigger thorns",
    "the_vault:thorns_damage": "Your totale thorns damage",
    "the_vault:trap_disarming": ""
  },
  "VAULT_STATS_DESCRIPTIONS": {
    "treasure_rooms_opened": "The total number of treasure rooms you\u0027ve opened.",
    "crystals_crafted": "The total number of Vault Crystals you\u0027ve crafted.",
    "vaults_total": "The total number of vaults you\u0027ve run.",
    "vaults_completed": "The total number of vaults you\u0027ve successfully completed.",
    "vaults_bailed": "The total number of vaults you\u0027ve survived.",
    "vaults_failed": "The total number of vaults you\u0027ve failed.",
    "experience": "The total vault experience you\u0027ve gained.",
    "damage_dealt": "The total amount of damage you\u0027ve dealt in vaults.",
    "damage_taken": "The total amount of damage you\u0027ve taken in vaults.",
    "mobs_unalived": "The total number of mobs you\u0027ve unalived in vaults.",
    "blocks_mined": "The total number of blocks you\u0027ve mined in vaults.",
    "trapped_chests": "The total number of trapped chests you\u0027ve opened in vaults.",
    "chests_looted": "The total number of chests you\u0027ve looted in vaults."
  }
}