{
  "POOL": {
    "None": [
      {
        "value": {
          "id": "minecraft:golden_apple",
          "amountMin": 1,
          "amountMax": 1
        },
        "weight": 1
      }
    ],
    "Colossal Chests": [
      {"value": {"id": "colossalchests:chest_wall_wood", "amountMin": 1, "amountMax": 1}, "weight": 6},
      {"value": {"id": "colossalchests:interface_wood", "amountMin": 1, "amountMax": 1}, "weight": 3},
      {"value": {"id": "colossalchests:colossal_chest_wood", "amountMin": 1, "amountMax": 1}, "weight": 1}
    ],
    "Simple Storage Network": [
      {"value": {"id": "storagenetwork:kabel", "amountMin": 1, "amountMax": 16}, "weight": 30},
      {"value": {"id": "storagenetwork:storage_kabel", "amountMin": 1, "amountMax": 8}, "weight": 15},
      {"value": {"id": "storagenetwork:speed_upgrade", "amountMin": 1, "amountMax": 8}, "weight": 5},
      {"value": {"id": "storagenetwork:stack_upgrade", "amountMin": 1, "amountMax": 8}, "weight": 1}
    ],
    "Drawers": [
      {"value": {"id": "framedcompactdrawers:framed_full_one", "amountMin": 1, "amountMax": 1}, "weight": 30},
      {"value": {"id": "framedcompactdrawers:framed_compact_drawer", "amountMin": 1, "amountMax": 1}, "weight": 10},
      {"value": {"id": "framedcompactdrawers:framed_drawer_controller", "amountMin": 1, "amountMax": 1}, "weight": 4},
      {"value": {"id": "framedcompactdrawers:framed_slave", "amountMin": 1, "amountMax": 1}, "weight": 8},
      {"value": {"id": "storagedrawers:obsidian_storage_upgrade", "amountMin": 1, "amountMax": 1}, "weight": 30},
      {"value": {"id": "storagedrawers:iron_storage_upgrade", "amountMin": 1, "amountMax": 1}, "weight": 20},
      {"value": {"id": "storagedrawers:gold_storage_upgrade", "amountMin": 1, "amountMax": 1}, "weight": 15},
      {"value": {"id": "storagedrawers:diamond_storage_upgrade", "amountMin": 1, "amountMax": 1}, "weight": 10},
      {"value": {"id": "storagedrawers:void_upgrade", "amountMin": 1, "amountMax": 1}, "weight": 4}
    ],
    "Mekanism QIO": [
      {"value": {"id": "mekanism:pellet_polonium", "amountMin": 1, "amountMax": 1}, "weight": 3},
      {"value": {"id": "mekanism:lead_ingot", "amountMin": 8, "amountMax": 32}, "weight": 30},
      {"value": {"id": "mekanism:qio_drive_base", "amountMin": 1, "amountMax": 1}, "weight": 2},
      {"value": {"id": "mekanism:qio_drive_array", "amountMin": 1, "amountMax": 1}, "weight": 1}
    ],
    "Refined Storage": [
      {"value": {"id": "refinedstorage:1k_storage_disk", "amountMin": 1, "amountMax": 1}, "weight": 20},
      {"value": {"id": "refinedstorage:4k_storage_disk", "amountMin": 1, "amountMax": 1}, "weight": 4},
      {"value": {"id": "refinedstorage:16k_storage_disk", "amountMin": 1, "amountMax": 1}, "weight": 2},
      {"value": {"id": "refinedstorage:64k_storage_disk", "amountMin": 1, "amountMax": 1}, "weight": 1},
      {"value": {"id": "refinedstorage:grid", "amountMin": 1, "amountMax": 1}, "weight": 2},
      {"value": {"id": "refinedstorage:disk_drive", "amountMin": 1, "amountMax": 1}, "weight": 2},
      {"value": {"id": "refinedstorage:machine_casing", "amountMin": 1, "amountMax": 1}, "weight": 10},
      {"value": {"id": "refinedstorage:exporter", "amountMin": 1, "amountMax": 1}, "weight": 40},
      {"value": {"id": "refinedstorage:importer", "amountMin": 1, "amountMax": 1}, "weight": 40},
      {"value": {"id": "refinedstorage:speed_upgrade", "amountMin": 1, "amountMax": 1}, "weight": 40},
      {"value": {"id": "refinedstorage:stack_upgrade", "amountMin": 1, "amountMax": 1}, "weight": 20},
      {"value": {"id": "refinedstorage:quartz_enriched_iron", "amountMin": 1, "amountMax": 4}, "weight": 120},
      {"value": {"id": "refinedstorage:cable", "amountMin": 1, "amountMax": 4}, "weight": 120},
      {"value": {"id": "refinedstorage:crafting_grid", "amountMin": 1, "amountMax": 1}, "weight": 1},
      {"value": {"id": "refinedstorage:external_storage", "amountMin": 1, "amountMax": 1}, "weight": 20},
      {"value": {"id": "refinedstorage:controller", "amountMin": 1, "amountMax": 1}, "weight": 2}
    ],
    "Applied Energistics": [
      {"value": {"id": "ae2:drive", "amountMin": 1, "amountMax": 1}, "weight": 8},
      {"value": {"id": "ae2:1k_storage_cell", "amountMin": 1, "amountMax": 1}, "weight": 100},
      {"value": {"id": "ae2:4k_storage_cell", "amountMin": 1, "amountMax": 1}, "weight": 25},
      {"value": {"id": "ae2:16k_storage_cell", "amountMin": 1, "amountMax": 1}, "weight": 10},
      {"value": {"id": "ae2:64k_storage_cell", "amountMin": 1, "amountMax": 1}, "weight": 2},
      {"value": {"id": "ae2:terminal", "amountMin": 1, "amountMax": 1}, "weight": 10},
      {"value": {"id": "ae2:crafting_terminal", "amountMin": 1, "amountMax": 1}, "weight": 1},
      {"value": {"id": "ae2:controller", "amountMin": 1, "amountMax": 1}, "weight": 4},
      {"value": {"id": "ae2:speed_card", "amountMin": 1, "amountMax": 1}, "weight": 140},
      {"value": {"id": "ae2:fuzzy_card", "amountMin": 1, "amountMax": 1}, "weight": 140},
      {"value": {"id": "ae2:export_bus", "amountMin": 1, "amountMax": 1}, "weight": 120},
      {"value": {"id": "ae2:import_bus", "amountMin": 1, "amountMax": 1}, "weight": 120},
      {"value": {"id": "ae2:storage_bus", "amountMin": 1, "amountMax": 1}, "weight": 90}
    ],
    "Pouches": [
      {"value": {"id": "minecraft:rabbit_hide", "amountMin": 2, "amountMax": 8}, "weight": 32},
      {"value": {"id": "the_vault:magic_silk", "amountMin": 1, "amountMax": 4}, "weight": 16},
      {"value": {"id": "minecraft:bundle", "amountMin": 1, "amountMax": 1}, "weight": 8},
      {"value": {"id": "sophisticatedbackpacks:backpack", "amountMin": 1, "amountMax": 1}, "weight": 1},
      {"value": {"id": "sophisticatedbackpacks:upgrade_base", "amountMin": 1, "amountMax": 1}, "weight": 4}
    ],
    "Double Pouches": [
      {"value": {"id": "minecraft:rabbit_hide", "amountMin": 2, "amountMax": 8}, "weight": 32},
      {"value": {"id": "the_vault:magic_silk", "amountMin": 1, "amountMax": 4}, "weight": 16},
      {"value": {"id": "sophisticatedbackpacks:iron_backpack", "amountMin": 1, "amountMax": 1}, "weight": 1},
      {"value": {"id": "sophisticatedbackpacks:upgrade_base", "amountMin": 1, "amountMax": 1}, "weight": 4}
    ],
    "Belts": [
      {"value": {"id": "minecraft:rabbit_hide", "amountMin": 2, "amountMax": 8}, "weight": 32},
      {"value": {"id": "the_vault:magic_silk", "amountMin": 1, "amountMax": 4}, "weight": 16},
      {"value": {"id": "sophisticatedbackpacks:upgrade_base", "amountMin": 1, "amountMax": 1}, "weight": 4}
    ],
    "Backpacks": [
      {"value": {"id": "minecraft:rabbit_hide", "amountMin": 2, "amountMax": 8}, "weight": 32},
      {"value": {"id": "the_vault:magic_silk", "amountMin": 1, "amountMax": 4}, "weight": 16},
      {"value": {"id": "sophisticatedbackpacks:upgrade_base", "amountMin": 1, "amountMax": 1}, "weight": 4}
    ],
    "Big Backpacks": [
      {"value": {"id": "minecraft:rabbit_hide", "amountMin": 2, "amountMax": 8}, "weight": 32},
      {"value": {"id": "the_vault:magic_silk", "amountMin": 1, "amountMax": 4}, "weight": 16},
      {"value": {"id": "sophisticatedbackpacks:upgrade_base", "amountMin": 1, "amountMax": 1}, "weight": 4}
    ],
    "Iron Generators": [
      {"value": {"id": "irongenerators:stone_generator", "amountMin": 1, "amountMax": 1}, "weight": 20},
      {"value": {"id": "irongenerators:iron_generator", "amountMin": 1, "amountMax": 1}, "weight": 10},
      {"value": {"id": "irongenerators:gold_generator", "amountMin": 1, "amountMax": 1}, "weight": 2}
    ],
    "Powah": [
      {"value": {"id": "powah:energy_cell_basic", "amountMin": 1, "amountMax": 1}, "weight": 30},
      {"value": {"id": "powah:energy_cell_hardened", "amountMin": 1, "amountMax": 1}, "weight": 20},
      {"value": {"id": "powah:energy_cell_blazing", "amountMin": 1, "amountMax": 1}, "weight": 10},
      {"value": {"id": "powah:ender_cell_basic", "amountMin": 1, "amountMax": 1}, "weight": 25},
      {"value": {"id": "powah:ender_cell_hardened", "amountMin": 1, "amountMax": 1}, "weight": 10},
      {"value": {"id": "powah:energy_cable_basic", "amountMin": 12, "amountMax": 24}, "weight": 40},
      {"value": {"id": "powah:energy_cable_hardened", "amountMin": 12, "amountMax": 24}, "weight": 30},
      {"value": {"id": "powah:dielectric_paste", "amountMin": 8, "amountMax": 16}, "weight": 30},
      {"value": {"id": "powah:solar_panel_starter", "amountMin": 1, "amountMax": 1}, "weight": 20},
      {"value": {"id": "powah:solar_panel_basic", "amountMin": 1, "amountMax": 1}, "weight": 10},
      {"value": {"id": "powah:solar_panel_hardened", "amountMin": 1, "amountMax": 1}, "weight": 5},
      {"value": {"id": "powah:uraninite", "amountMin": 32, "amountMax": 64}, "weight": 40}
    ],
    "Flux Networks": [
      {"value": {"id": "fluxnetworks:flux_plug", "amountMin": 1, "amountMax": 1}, "weight": 10},
      {"value": {"id": "fluxnetworks:flux_point", "amountMin": 1, "amountMax": 1}, "weight": 10},
      {"value": {"id": "fluxnetworks:basic_flux_storage", "amountMin": 1, "amountMax": 1}, "weight": 6},
      {"value": {"id": "fluxnetworks:herculean_flux_storage", "amountMin": 1, "amountMax": 1}, "weight": 1}
    ],
    "Thermal Dynamos": [
      {"value": {"id": "thermal:dynamo_stirling", "amountMin": 1, "amountMax": 1}, "weight": 15},
      {"value": {"id": "thermal:dynamo_lapidary", "amountMin": 1, "amountMax": 1}, "weight": 10},
      {"value": {"id": "thermal:dynamo_magmatic", "amountMin": 1, "amountMax": 1}, "weight": 5},
      {"value": {"id": "thermal:rf_coil", "amountMin": 2, "amountMax": 4}, "weight": 25}
    ],
    "Mekanism Generators": [
      {"value": {"id": "mekanismgenerators:solar_generator", "amountMin": 1, "amountMax": 1}, "weight": 10},
      {"value": {"id": "mekanismgenerators:bio_generator", "amountMin": 1, "amountMax": 1}, "weight": 25},
      {"value": {"id": "mekanismgenerators:advanced_solar_generator", "amountMin": 1, "amountMax": 1}, "weight": 2},
      {"value": {"id": "mekanismgenerators:heat_generator", "amountMin": 1, "amountMax": 1}, "weight": 25}
    ],
    "Dark Utilities": [
      {"value": {"id": "darkutils:blank_plate", "amountMin": 1, "amountMax": 8}, "weight": 128},
      {"value": {"id": "darkutils:flame_plate", "amountMin": 1, "amountMax": 8}, "weight": 128},
      {"value": {"id": "darkutils:poison_plate", "amountMin": 1, "amountMax": 8}, "weight": 128},
      {"value": {"id": "darkutils:weakness_plate", "amountMin": 1, "amountMax": 8}, "weight": 128},
      {"value": {"id": "darkutils:vector_plate", "amountMin": 1, "amountMax": 4}, "weight": 64},
      {"value": {"id": "darkutils:vector_plate_fast", "amountMin": 1, "amountMax": 2}, "weight": 32},
      {"value": {"id": "darkutils:vector_plate_extreme", "amountMin": 1, "amountMax": 1}, "weight": 16}
    ],
    "Modular Routers": [
      {"value": {"id": "modularrouters:blank_module", "amountMin": 1, "amountMax": 8}, "weight": 128},
      {"value": {"id": "modularrouters:blank_upgrade", "amountMin": 1, "amountMax": 4}, "weight": 86},
      {"value": {"id": "modularrouters:augment_core", "amountMin": 1, "amountMax": 4}, "weight": 86},
      {"value": {"id": "modularrouters:item_router", "amountMin": 1, "amountMax": 2}, "weight": 64},
      {"value": {"id": "modularrouters:stack_augment", "amountMin": 1, "amountMax": 1}, "weight": 32},
      {"value": {"id": "modularrouters:vacuum_module", "amountMin": 1, "amountMax": 1}, "weight": 1},
      {"value": {"id": "modularrouters:sender_module_3", "amountMin": 1, "amountMax": 1}, "weight": 1}
    ],
    "Create": [
      {"value": {"id": "create:nixie_tube", "amountMin": 1, "amountMax": 1}, "weight": 20},
      {"value": {"id": "create:brass_hand", "amountMin": 1, "amountMax": 1}, "weight": 10},
      {"value": {"id": "create:mechanical_drill", "amountMin": 1, "amountMax": 1}, "weight": 6},
      {"value": {"id": "create:mechanical_saw", "amountMin": 1, "amountMax": 1}, "weight": 6},
      {"value": {"id": "create:deployer", "amountMin": 1, "amountMax": 1}, "weight": 4},
      {"value": {"id": "create:mechanical_harvester", "amountMin": 1, "amountMax": 1}, "weight": 6},
      {"value": {"id": "create:mechanical_plough", "amountMin": 1, "amountMax": 1}, "weight": 6}
    ],
    "Mekanism": [
      {"value": {"id": "mekanism:steel_casing", "amountMin": 1, "amountMax": 1}, "weight": 6},
      {"value": {"id": "mekanism:basic_bin", "amountMin": 1, "amountMax": 1}, "weight": 20},
      {"value": {"id": "mekanism:advanced_bin", "amountMin": 1, "amountMax": 1}, "weight": 16},
      {"value": {"id": "mekanism:block_osmium", "amountMin": 1, "amountMax": 1}, "weight": 24},
      {"value": {"id": "mekanism:basic_fluid_tank", "amountMin": 1, "amountMax": 1}, "weight": 16},
      {"value": {"id": "mekanism:advanced_fluid_tank", "amountMin": 1, "amountMax": 1}, "weight": 12},
      {"value": {"id": "mekanism:basic_energy_cube", "amountMin": 1, "amountMax": 1}, "weight": 8},
      {"value": {"id": "mekanism:advanced_energy_cube", "amountMin": 1, "amountMax": 1}, "weight": 2},
      {"value": {"id": "mekanism:basic_universal_cable", "amountMin": 16, "amountMax": 32}, "weight": 10},
      {"value": {"id": "mekanism:advanced_universal_cable", "amountMin": 16, "amountMax": 32}, "weight": 6}
    ],
    "Botania": [
      {"value": {"id": "botania:manasteel_ingot", "amountMin": 2, "amountMax": 8}, "weight": 24},
      {"value": {"id": "botania:terrasteel_nugget", "amountMin": 1, "amountMax": 4}, "weight": 8},
      {"value": {"id": "botania:mana_diamond", "amountMin": 1, "amountMax": 4}, "weight": 20},
      {"value": {"id": "botania:rune_water", "amountMin": 1, "amountMax": 1}, "weight": 18},
      {"value": {"id": "botania:rune_fire", "amountMin": 1, "amountMax": 1}, "weight": 18},
      {"value": {"id": "botania:rune_earth", "amountMin": 1, "amountMax": 1}, "weight": 18},
      {"value": {"id": "botania:rune_air", "amountMin": 1, "amountMax": 1}, "weight": 18},
      {"value": {"id": "botania:rune_spring", "amountMin": 1, "amountMax": 1}, "weight": 12},
      {"value": {"id": "botania:rune_summer", "amountMin": 1, "amountMax": 1}, "weight": 10},
      {"value": {"id": "botania:rune_autumn", "amountMin": 1, "amountMax": 1}, "weight": 10},
      {"value": {"id": "botania:rune_winter", "amountMin": 1, "amountMax": 1}, "weight": 10},
      {"value": {"id": "botania:rune_mana", "amountMin": 1, "amountMax": 1}, "weight": 10},
      {"value": {"id": "botania:black_lotus", "amountMin": 8, "amountMax": 16}, "weight": 24},
      {"value": {"id": "botania:blacker_lotus", "amountMin": 8, "amountMax": 16}, "weight": 12},
      {"value": {"id": "botania:mana_spreader", "amountMin": 1, "amountMax": 1}, "weight": 16},
      {"value": {"id": "botania:mana_pearl", "amountMin": 1, "amountMax": 4}, "weight": 20}
    ],
    "Easy Villagers": [
      {"value": {"id": "easy_villagers:villager", "amountMin": 1, "amountMax": 1}, "weight": 40},
      {"value": {"id": "easy_villagers:trader", "amountMin": 1, "amountMax": 1}, "weight": 10},
      {"value": {"id": "easy_villagers:farmer", "amountMin": 1, "amountMax": 1}, "weight": 8},
      {"value": {"id": "easy_villagers:breeder", "amountMin": 1, "amountMax": 1}, "weight": 16},
      {"value": {"id": "easy_villagers:converter", "amountMin": 1, "amountMax": 1}, "weight": 4},
      {"value": {"id": "easy_villagers:iron_farm", "amountMin": 1, "amountMax": 1}, "weight": 1}
    ],
    "Cagerium": [
      {"value": {"id": "cagerium:binding_wood_plate", "amountMin": 1, "amountMax": 1}, "weight": 4},
      {"value": {"id": "cagerium:ominous_skull", "amountMin": 1, "amountMax": 1}, "weight": 1},
      {"value": {"id": "cagerium:skeleton_key", "amountMin": 1, "amountMax": 1}, "weight": 2},
      {"value": {"id": "minecraft:porkchop", "amountMin": 1, "amountMax": 1}, "weight": 36},
      {"value": {"id": "the_vault:mystery_egg", "amountMin": 1, "amountMax": 1}, "weight": 6}
    ],
    "SNAD": [
      {"value": {"id": "snad:snad", "amountMin": 1, "amountMax": 1}, "weight": 1},
      {"value": {"id": "snad:red_snad", "amountMin": 1, "amountMax": 1}, "weight": 1},
      {"value": {"id": "snad:suol_snad", "amountMin": 1, "amountMax": 1}, "weight": 1},
      {"value": {"id": "compressium:sand_1", "amountMin": 1, "amountMax": 1}, "weight": 6},
      {"value": {"id": "compressium:redsand_1", "amountMin": 1, "amountMax": 1}, "weight": 4},
      {"value": {"id": "compressium:soulsand_1", "amountMin": 1, "amountMax": 1}, "weight": 4}
    ],
    "Waystones": [
      {"value": {"id": "waystones:warp_dust", "amountMin": 2, "amountMax": 6}, "weight": 6},
      {"value": {"id": "waystones:waystone", "amountMin": 1, "amountMax": 1}, "weight": 1}
    ],
    "Botany Pots": [
      {"value": {"id": "botanypots:terracotta_botany_pot", "amountMin": 1, "amountMax": 1}, "weight": 2}
    ],
    "Mob Spawners": [
      {"value": {"id": "minecraft:zombie_spawn_egg", "amountMin": 1, "amountMax": 8}, "weight": 32},
      {"value": {"id": "minecraft:spider_spawn_egg", "amountMin": 1, "amountMax": 8}, "weight": 32},
      {"value": {"id": "minecraft:skeleton_spawn_egg", "amountMin": 1, "amountMax": 8}, "weight": 32},
      {"value": {"id": "minecraft:wither_skeleton_spawn_egg", "amountMin": 1, "amountMax": 8}, "weight": 16},
      {"value": {"id": "minecraft:cave_spider_spawn_egg", "amountMin": 1, "amountMax": 8}, "weight": 16},
      {"value": {"id": "minecraft:witch_spawn_egg", "amountMin": 1, "amountMax": 8}, "weight": 32},
      {"value": {"id": "minecraft:phantom_spawn_egg", "amountMin": 1, "amountMax": 8}, "weight": 16},
      {"value": {"id": "minecraft:blaze_spawn_egg", "amountMin": 1, "amountMax": 8}, "weight": 32},
      {"value": {"id": "ispawner:cage_dust", "amountMin": 1, "amountMax": 4}, "weight": 1}
    ]
  }
}