{
  "mobPools": {
    "ranged": [
      { "level": 0,
        "mobPool": {
          "mobs": [
            {
              "value": "minecraft:skeleton",
              "weight": 1
            }
          ]
        }
      },
      { "level": 115,
        "mobPool": {
          "mobs": [
            {
              "value": "minecraft:skeleton",
              "weight": 1
            },
            {
              "value": "minecraft:stray",
              "weight": 1
            }
          ]
        }
      },
      { "level": 250,
        "mobPool": {
          "mobs": [
            {
              "value": "minecraft:pillager",
              "weight": 1
            },
            {
              "value": "minecraft:skeleton",
              "weight": 4
            },
            {
              "value": "minecraft:stray",
              "weight": 2
            }
          ]
        }
      }
    ],
    "superranged": [
      { "level": 0,
        "mobPool": {
          "mobs": [
            {
              "value": "minecraft:skeleton",
              "weight": 1
            }
          ]
        }
      },
      { "level": 115,
        "mobPool": {
          "mobs": [
            {
              "value": "minecraft:skeleton",
              "weight": 1
            },
            {
              "value": "minecraft:stray",
              "weight": 4
            }
          ]
        }
      },
      { "level": 250,
        "mobPool": {
          "mobs": [
            {
              "value": "minecraft:pillager",
              "weight": 12
            },
            {
              "value": "minecraft:skeleton",
              "weight": 1
            },
            {
              "value": "minecraft:stray",
              "weight": 4
            }
          ]
        }
      }
    ],
    "melee": [
      { "level": 0,
        "mobPool": {
          "mobs": [
            {
              "value": "minecraft:zombie",
              "weight": 4
            },
            {
              "value": "minecraft:spider",
              "weight": 1
            },
            {
              "value": "the_vault:vault_fighter",
              "weight": 1
            }
          ]
        }
      },
      { "level": 50,
        "mobPool": {
          "mobs": [
            {
              "value": "minecraft:zombie",
              "weight": 16
            },
            {
              "value": "minecraft:husk",
              "weight": 8
            },
            {
              "value": "minecraft:spider",
              "weight": 1
            },
            {
              "value": "the_vault:vault_fighter_1",
              "weight": 1
            },
            {
              "value": "the_vault:vault_fighter",
              "weight": 8
            }
          ]
         }
      },
      { "level": 75,
          "mobPool": {
          "mobs": [
            {
              "value": "minecraft:zombie",
              "weight": 20
            },
            {
              "value": "minecraft:husk",
              "weight": 20
            },
            {
              "value": "minecraft:vindicator",
              "weight": 1
            },
            {
              "value": "minecraft:spider",
              "weight": 10
            },
            {
              "value": "the_vault:vault_fighter_1",
              "weight": 4
            }
          ]
        }
      },
      { "level": 150,
        "mobPool": {
          "mobs": [
            {
              "value": "minecraft:husk",
              "weight": 1600
            },
            {
              "value": "minecraft:zombie",
              "weight": 800
            },
            {
              "value": "minecraft:spider",
              "weight": 800
            },
            {
              "value": "minecraft:cave_spider",
              "weight": 100
            },
            {
              "value": "minecraft:vindicator",
              "weight": 100
            },
            {
              "value": "minecraft:ravager",
              "weight": 1
            },
            {
              "value": "the_vault:vault_fighter",
              "weight": 100
            },
            {
              "value": "the_vault:vault_fighter_1",
              "weight": 100
            },
            {
              "value": "the_vault:vault_fighter_2",
              "weight": 60
            },
            {
              "value": "the_vault:vault_fighter_3",
              "weight": 40
            }
          ]
        }
      },
      { "level": 250,
        "mobPool": {
          "mobs": [
            {
              "value": "minecraft:piglin_brute",
              "weight": 400
            },
            {
              "value": "minecraft:husk",
              "weight": 800
            },
            {
              "value": "minecraft:zombie",
              "weight": 600
            },
            {
              "value": "minecraft:spider",
              "weight": 600
            },
            {
              "value": "minecraft:cave_spider",
              "weight": 100
            },
            {
              "value": "minecraft:vindicator",
              "weight": 100
            },
            {
              "value": "minecraft:ravager",
              "weight": 1
            },
            {
              "value": "the_vault:vault_fighter_1",
              "weight": 100
            },
            {
              "value": "the_vault:vault_fighter_2",
              "weight": 80
            },
            {
              "value": "the_vault:vault_fighter_3",
              "weight": 60
            },
            {
              "value": "the_vault:vault_fighter_4",
              "weight": 40
            }
          ]
        }
      }
    ],
    "spiderbomb": [
      { "level": 0,
        "mobPool": {
          "mobs": [
            {
              "value": "minecraft:spider",
              "weight": 1
            }
          ]
        }
      },
      { "level": 175,
        "mobPool": {
          "mobs": [
            {
              "value": "minecraft:spider",
              "weight": 3
            },
            {
              "value": "minecraft:cave_spider",
              "weight": 1
            }
          ]
        }
      }
    ],
    "creepers": [
      { "level": 0,
        "mobPool": {
          "mobs": [
            {
              "value": "minecraft:creeper",
              "weight": 1
            }
          ]
        }
      }
    ],
    "troll": [
      { "level": 0,
        "mobPool": {
          "mobs": [
            {
              "value": "minecraft:pig",
              "weight": 1
            },
            {
              "value": "minecraft:rabbit",
              "weight": 1
            }
          ]
        }
      }
    ],
    "silverfish": [
      { "level": 0,
        "mobPool": {
          "mobs": [
            {
              "value": "minecraft:silverfish",
              "weight": 1
            }
          ]
        }
      }
    ],
    "guardians": [
      { "level": 0,
        "mobPool": {
          "mobs": [
            {
              "value": "minecraft:pig",
              "weight": 1
            }
          ]
        }
      },
      { "level": 250,
        "mobPool": {
          "mobs": [
            {
              "value": "the_vault:vault_guardian",
              "weight": 1
            }
          ]
        }
      }
    ],
    "goblins": [
      { "level": 0,
        "mobPool": {
          "mobs": [
            {
              "value": "the_vault:treasure_goblin",
              "weight": 1
            }
          ]
        }
      }
    ],
    "ravagerfest": [
      { "level": 0,
        "mobPool": {
          "mobs": [
            {
              "value": "minecraft:wither_skeleton",
              "weight": 1
            }
          ]
        }
      },
      { "level": 150,
        "mobPool": {
          "mobs": [
            {
              "value": "minecraft:ravager",
              "weight": 3
            }
            
          ]
        }
      }
    ],
    "vexes": [
      { "level": 0,
        "mobPool": {
          "mobs": [
            {
              "value": "minecraft:skeleton",
              "weight": 1
            }
          ]
        }
      },
      { "level": 115,
        "mobPool": {
          "mobs": [
            {
              "value": "minecraft:stray",
              "weight": 3
            }
            
          ]
        }
      },
      { "level": 150,
        "mobPool": {
          "mobs": [
            {
              "value": "minecraft:vex",
              "weight": 3
            }
            
          ]
        }
      }
    ],
    "vaultfighters": [
      { "level": 0,
        "mobPool": {
          "mobs": [
            {
              "value": "the_vault:vault_fighter",
              "weight": 1
            }
          ]
        }
      },
      { "level": 50,
        "mobPool": {
          "mobs": [
            {
              "value": "the_vault:vault_fighter",
              "weight": 8
            },
            {
              "value": "the_vault:vault_fighter_1",
              "weight": 1
            }
          ]
        }
      },
      { "level": 100,
        "mobPool": {
          "mobs": [
            {
              "value": "the_vault:vault_fighter",
              "weight": 8
            },
            {
              "value": "the_vault:vault_fighter_1",
              "weight": 2
            },
            {
              "value": "the_vault:vault_fighter_2",
              "weight": 1
            }
          ]
        }
      },
      { "level": 150,
        "mobPool": {
          "mobs": [
            {
              "value": "the_vault:vault_fighter",
              "weight": 8
            },
            {
              "value": "the_vault:vault_fighter_1",
              "weight": 6
            },
            {
              "value": "the_vault:vault_fighter_2",
              "weight": 2
            },
            {
              "value": "the_vault:vault_fighter_3",
              "weight": 1
            }
          ]
        }
      },
      { "level": 250,
        "mobPool": {
          "mobs": [
            {
              "value": "the_vault:vault_fighter",
              "weight": 8
            },
            {
              "value": "the_vault:vault_fighter_1",
              "weight": 4
            },
            {
              "value": "the_vault:vault_fighter_2",
              "weight": 6
            },
            {
              "value": "the_vault:vault_fighter_3",
              "weight": 4
            },
            {
              "value": "the_vault:vault_fighter_4",
              "weight": 2
            }
          ]
        }
      }
    ]
  },
  "raidWaves": [
    { "_comment": "original weight 80",
      "value": {
        "waves": [
          {
            "waveMobs": [
              {
                "min": 2,
                "max": 3,
                "mobPool": "ranged"
              },
              {
                "min": 2,
                "max": 3,
                "mobPool": "melee"
              },
              {
                "min": 2,
                "max": 3,
                "mobPool": "creepers"
              }
            ]
          },
          {
            "waveMobs": [
              {
                "min": 4,
                "max": 5,
                "mobPool": "ranged"
              },
              {
                "min": 4,
                "max": 6,
                "mobPool": "melee"
              },
              {
                "min": 2,
                "max": 3,
                "mobPool": "creepers"
              }
            ]
          },
          {
            "waveMobs": [
              {
                "min": 6,
                "max": 7,
                "mobPool": "ranged"
              },
              {
                "min": 5,
                "max": 8,
                "mobPool": "melee"
              }
            ]
          }
        ]
      },
      "weight": 80
    },
    { "_comment": "the mixer weight 40",
      "value": {
        "waves": [
          {
            "waveMobs": [
              {
                "min": 2,
                "max": 3,
                "mobPool": "ranged"
              },
              {
                "min": 1,
                "max": 2,
                "mobPool": "spiderbomb"
              },
              {
                "min": 2,
                "max": 3,
                "mobPool": "melee"
              },
              {
                "min": 2,
                "max": 3,
                "mobPool": "creepers"
              }
            ]
          },
          {
            "waveMobs": [
              {
                "min": 2,
                "max": 3,
                "mobPool": "vexes"
              },
              {
                "min": 1,
                "max": 2,
                "mobPool": "spiderbomb"
              },
              {
                "min": 2,
                "max": 3,
                "mobPool": "ranged"
              },
              {
                "min": 5,
                "max": 8,
                "mobPool": "melee"
              }
            ]
          },
          {
            "waveMobs": [
              {
                "min": 2,
                "max": 3,
                "mobPool": "vexes"
              },
              {
                "min": 2,
                "max": 3,
                "mobPool": "ranged"
              },
              {
                "min": 5,
                "max": 8,
                "mobPool": "melee"
              },
              {
                "min": 5,
                "max": 8,
                "mobPool": "vaultfighters"
              }
            ]
          }
        ]
      },
      "weight": 40
    },
    { "_comment": "variation short 40",
      "value": {
        "waves": [
          {
            "waveMobs": [
              {
                "min": 2,
                "max": 3,
                "mobPool": "ranged"
              },
              {
                "min": 1,
                "max": 2,
                "mobPool": "spiderbomb"
              },
              {
                "min": 2,
                "max": 3,
                "mobPool": "melee"
              },
              {
                "min": 2,
                "max": 3,
                "mobPool": "vaultfighters"
              }
            ]
          },
          {
            "waveMobs": [
              {
                "min": 2,
                "max": 3,
                "mobPool": "vexes"
              },
              {
                "min": 1,
                "max": 2,
                "mobPool": "creepers"
              },
              {
                "min": 2,
                "max": 3,
                "mobPool": "superranged"
              },
              {
                "min": 5,
                "max": 8,
                "mobPool": "melee"
              }
            ]
          }
        ]
      },
      "weight": 40
    },
    { "_comment": "variation long 40",
      "value": {
        "waves": [
          {
            "waveMobs": [
              {
                "min": 2,
                "max": 3,
                "mobPool": "ranged"
              },
              {
                "min": 1,
                "max": 2,
                "mobPool": "spiderbomb"
              },
              {
                "min": 2,
                "max": 3,
                "mobPool": "melee"
              },
              {
                "min": 2,
                "max": 3,
                "mobPool": "vaultfighters"
              }
            ]
          },
          {
            "waveMobs": [
              {
                "min": 2,
                "max": 3,
                "mobPool": "vexes"
              },
              {
                "min": 1,
                "max": 2,
                "mobPool": "creepers"
              },
              {
                "min": 2,
                "max": 3,
                "mobPool": "superranged"
              },
              {
                "min": 5,
                "max": 8,
                "mobPool": "melee"
              }
            ]
          },
          {
            "waveMobs": [
              {
                "min": 3,
                "max": 4,
                "mobPool": "ranged"
              },
              {
                "min": 2,
                "max": 3,
                "mobPool": "spiderbomb"
              },
              {
                "min": 3,
                "max": 4,
                "mobPool": "melee"
              },
              {
                "min": 2,
                "max": 3,
                "mobPool": "vaultfighters"
              }
            ]
          },
          {
            "waveMobs": [
              {
                "min": 2,
                "max": 3,
                "mobPool": "vexes"
              },
              {
                "min": 2,
                "max": 4,
                "mobPool": "creepers"
              },
              {
                "min": 2,
                "max": 4,
                "mobPool": "superranged"
              },
              {
                "min": 5,
                "max": 8,
                "mobPool": "melee"
              }
            ]
          }
        ]
      },
      "weight": 40
    },
    { "_comment": "spiders and ranged long 40",
      "value": {
        "waves": [
          {
            "waveMobs": [
              {
                "min": 2,
                "max": 3,
                "mobPool": "ranged"
              },
              {
                "min": 1,
                "max": 2,
                "mobPool": "spiderbomb"
              }
            ]
          },
          {
            "waveMobs": [
              {
                "min": 3,
                "max": 4,
                "mobPool": "ranged"
              },
              {
                "min": 2,
                "max": 4,
                "mobPool": "spiderbomb"
              }
            ]
          },
          {
            "waveMobs": [
              {
                "min": 3,
                "max": 4,
                "mobPool": "ranged"
              },
              {
                "min": 2,
                "max": 4,
                "mobPool": "spiderbomb"
              },
              {
                "min": 1,
                "max": 2,
                "mobPool": "superranged"
              }
            ]
          },
          {
            "waveMobs": [
              {
                "min": 3,
                "max": 4,
                "mobPool": "spiderbomb"
              },
              {
                "min": 3,
                "max": 5,
                "mobPool": "spiderbomb"
              },
              {
                "min": 1,
                "max": 2,
                "mobPool": "superranged"
              }
            ]
          }
        ]
      },
      "weight": 40
    },
    { "_comment": "troll 20",
      "value": {
        "waves": [
          {
            "waveMobs": [
              {
                "min": 1,
                "max": 1,
                "mobPool": "troll"
              }
            ]
          },
          {
            "waveMobs": [
              {
                "min": 1,
                "max": 1,
                "mobPool": "troll"
              }
            ]
          },
          {
            "waveMobs": [
              {
                "min": 14,
                "max": 20,
                "mobPool": "troll"
              }
            ]
          }
        ]
      },
      "weight": 20
    },
    { "_comment": "guardians 20",
      "value": {
        "waves": [
          {
            "waveMobs": [
              {
                "min": 1,
                "max": 3,
                "mobPool": "melee"
              },
              {
                "min": 1,
                "max": 3,
                "mobPool": "ranged"
              },
              {
                "min": 1,
                "max": 1,
                "mobPool": "spiderbomb"
              }
            ]
          },
          {
            "waveMobs": [
              {
                "min": 2,
                "max": 5,
                "mobPool": "melee"
              },
              {
                "min": 2,
                "max": 4,
                "mobPool": "ranged"
              },
              {
                "min": 1,
                "max": 1,
                "mobPool": "spiderbomb"
              }
            ]
          },
          {
            "waveMobs": [
              {
                "min": 2,
                "max": 5,
                "mobPool": "melee"
              },
              {
                "min": 1,
                "max": 1,
                "mobPool": "guardians"
              }
            ]
          }
        ]
      },
      "weight": 20
    },
    { "_comment": "silverfish 20",
      "value": {
        "waves": [
          {
            "waveMobs": [
              {
                "min": 4,
                "max": 8,
                "mobPool": "silverfish"
              },
              {
                "min": 1,
                "max": 3,
                "mobPool": "ranged"
              }
            ]
          },
          {
            "waveMobs": [
              {
                "min": 6,
                "max": 10,
                "mobPool": "silverfish"
              },
              {
                "min": 2,
                "max": 6,
                "mobPool": "ranged"
              }
            ]
          },
          {
            "waveMobs": [
              {
                "min": 8,
                "max": 14,
                "mobPool": "silverfish"
              },
              {
                "min": 2,
                "max": 6,
                "mobPool": "superranged"
              }
            ]
          }
        ]
      },
      "weight": 20
    },
    { "_comment": "guardians long 20",
      "value": {
        "waves": [
          {
            "waveMobs": [
              {
                "min": 1,
                "max": 3,
                "mobPool": "melee"
              },
              {
                "min": 1,
                "max": 3,
                "mobPool": "ranged"
              },
              {
                "min": 1,
                "max": 1,
                "mobPool": "spiderbomb"
              },
              {
                "min": 1,
                "max": 2,
                "mobPool": "vaultfighters"
              }
            ]
          },
          {
            "waveMobs": [
              {
                "min": 2,
                "max": 3,
                "mobPool": "superranged"
              },
              {
                "min": 3,
                "max": 4,
                "mobPool": "vaultfighters"
              },
              {
                "min": 1,
                "max": 1,
                "mobPool": "guardians"
              }
            ]
          },
          {
            "waveMobs": [
              {
                "min": 2,
                "max": 5,
                "mobPool": "melee"
              },
              {
                "min": 1,
                "max": 1,
                "mobPool": "guardians"
              }
            ]
          },
          {
            "waveMobs": [
              {
                "min": 2,
                "max": 3,
                "mobPool": "superranged"
              },
              {
                "min": 3,
                "max": 4,
                "mobPool": "vaultfighters"
              },
              {
                "min": 1,
                "max": 1,
                "mobPool": "guardians"
              }
            ]
          }
        ]
      },
      "weight": 20
    },
    { "_comment": "creeper nightmare weight 20",
      "value": {
        "waves": [
          {
            "waveMobs": [
              {
                "min": 2,
                "max": 3,
                "mobPool": "ranged"
              },
              {
                "min": 10,
                "max": 12,
                "mobPool": "creepers"
              }
            ]
          },
          {
            "waveMobs": [
              {
                "min": 2,
                "max": 4,
                "mobPool": "ranged"
              },
              {
                "min": 12,
                "max": 18,
                "mobPool": "creepers"
              }
            ]
          },
          {
            "waveMobs": [
              {
                "min": 2,
                "max": 4,
                "mobPool": "ranged"
              },
              {
                "min": 14,
                "max": 20,
                "mobPool": "creepers"
              }
            ]
          }
        ]
      },
      "weight": 20
    },
    { "_comment": "spiderbomb weight 20",
      "value": {
        "waves": [
          {
            "waveMobs": [
              {
                "min": 6,
                "max": 9,
                "mobPool": "spiderbomb"
              }
            ]
          },
          {
            "waveMobs": [
              {
                "min": 8,
                "max": 14,
                "mobPool": "spiderbomb"
              }
            ]
          },
          {
            "waveMobs": [
              {
                "min": 11,
                "max": 17,
                "mobPool": "spiderbomb"
              }
            ]
          }
        ]
      },
      "weight": 20
    },
    { "_comment": "vaultfighters weight 40",
      "value": {
        "waves": [
          {
            "waveMobs": [
              {
                "min": 4,
                "max": 6,
                "mobPool": "vaultfighters"
              },
              {
                "min": 1,
                "max": 2,
                "mobPool": "ranged"
              }
            ]
          },
          {
            "waveMobs": [
              {
                "min": 6,
                "max": 8,
                "mobPool": "vaultfighters"
              },
              {
                "min": 1,
                "max": 2,
                "mobPool": "ranged"
              }
            ]
          },
          {
            "waveMobs": [
              {
                "min": 7,
                "max": 10,
                "mobPool": "vaultfighters"
              },
              {
                "min": 1,
                "max": 3,
                "mobPool": "ranged"
              }
              
            ]
          }
        ]
      },
      "weight": 40
    },
    { "_comment": "ravagerfest weight 1",
      "value": {
        "waves": [
          {
            "waveMobs": [
              {
                "min": 1,
                "max": 1,
                "mobPool": "ravagerfest"
              }
            ]
          }
        ]
      },
      "weight": 1
    },
    { "_comment": "the troll goblins 2",
      "value": {
        "waves": [
          {
            "waveMobs": [
              {
                "min": 10,
                "max": 16,
                "mobPool": "goblins"
              }
            ]
          }
        ]
      },
      "weight": 2
    }
  ],
  "amountLevels": [
    {
      "level": 0,
      "mobAmountMultiplier": 1.0
    },
    {
      "level": 50,
      "mobAmountMultiplier": 1.0
    },
    {
      "level": 100,
      "mobAmountMultiplier": 1.1
    },
    {
      "level": 150,
      "mobAmountMultiplier": 1.4
    },
    {
      "level": 200,
      "mobAmountMultiplier": 2.0
    },
    {
      "level": 250,
      "mobAmountMultiplier": 3.0
    }
  ]
}