{
  "mobPools": {
    "fgroup1": [
      { "level": 0,
        "mobPool": {
          "mobs": [
            {
              "value": "minecraft:stray",
              "weight": 4
            },
            {
              "value": "the_vault:vault_fighter",
              "weight": 2
            }
          ]
        }
      }
    ],
    "fgroup2": [
      { "level": 0,
        "mobPool": {
          "mobs": [
            {
              "value": "minecraft:stray",
              "weight": 4
            },
            {
              "value": "minecraft:vindicator",
              "weight": 2
            }
          ]
        }
      }
    ],
    "fgroup3": [
      { "level": 0,
        "mobPool": {
          "mobs": [
            {
              "value": "minecraft:pillager",
              "weight": 4
            },
            {
              "value": "minecraft:vindicator",
              "weight": 2
            }
          ]
        }
      }
    ],
    "fgroup4": [
      { "level": 0,
        "mobPool": {
          "mobs": [
            {
              "value": "minecraft:vex",
              "weight": 2
            },
            {
              "value": "minecraft:vindicator",
              "weight": 4
            }
          ]
        }
      }
    ],
    "fgroup5": [
      { "level": 0,
        "mobPool": {
          "mobs": [
            {
              "value": "minecraft:stray",
              "weight": 2
            },
            {
              "value": "minecraft:spider",
              "weight": 4
            }
          ]
        }
      }
    ],
    "fgroup6": [
      { "level": 0,
        "mobPool": {
          "mobs": [
            {
              "value": "minecraft:vex",
              "weight": 2
            },
            {
              "value": "minecraft:spider",
              "weight": 4
            }
          ]
        }
      }
    ],
    "fgroup7": [
      { "level": 0,
        "mobPool": {
          "mobs": [
            {
              "value": "minecraft:ravager",
              "weight": 2
            }
          ]
        }
      }
    ],
    "fgroup8": [
      { "level": 0,
        "mobPool": {
          "mobs": [
            {
              "value": "minecraft:pillager",
              "weight": 2
            },
            {
              "value": "minecraft:spider",
              "weight": 4
            }
          ]
        }
      }
    ],
    "fgroup9": [
      { "level": 0,
        "mobPool": {
          "mobs": [
            {
              "value": "the_vault:vault_guardian",
              "weight": 2
            }
          ]
        }
      }
    ],
    "fgroup10": [
      { "level": 0,
        "mobPool": {
          "mobs": [
            {
              "value": "minecraft:ravager",
              "weight": 1
            },
            {
              "value": "minecraft:zombie",
              "weight": 6
            }
          ]
        }
      }
    ],
    "fgroup11": [
      { "level": 0,
        "mobPool": {
          "mobs": [
            {
              "value": "minecraft:ravager",
              "weight": 1
            },
            {
              "value": "the_vault:vault_guardian",
              "weight": 6
            }
          ]
        }
      }
    ],
    "fgroup12": [
      { "level": 0,
        "mobPool": {
          "mobs": [
            {
              "value": "the_vault:boogieman",
              "weight": 1
            },
            {
              "value": "the_vault:blue_blaze",
              "weight": 3
            }
          ]
        }
      }
    ],
    "fgroup13": [
      { "level": 0,
        "mobPool": {
          "mobs": [
            {
              "value": "the_vault:robot",
              "weight": 1
            }
          ]
        }
      }
    ],
    "fgroup14": [
      { "level": 0,
        "mobPool": {
          "mobs": [
            {
              "value": "the_vault:arena_boss",
              "weight": 1
            }
          ]
        }
      }
    ],
    "testgroup": [
      { "level": 0,
        "mobPool": {
          "mobs": [
            {
              "value": "minecraft:magma_cube",
              "weight": 4
            }
          ]
        }
      }
    ],
    "wutax": [
      { "level": 0,
        "mobPool": {
          "mobs": [
            {
              "value": "minecraft:zombie",
              "weight": 4
            },
            {
              "value": "minecraft:spider",
              "weight": 1
            },
            {
              "value": "the_vault:vault_fighter",
              "weight": 1
            }
          ]
        }
      },
      { "level": 50,
        "mobPool": {
          "mobs": [
            {
              "value": "minecraft:zombie",
              "weight": 16
            },
            {
              "value": "minecraft:husk",
              "weight": 8
            },
            {
              "value": "minecraft:spider",
              "weight": 1
            },
            {
              "value": "the_vault:vault_fighter_1",
              "weight": 1
            },
            {
              "value": "the_vault:vault_fighter",
              "weight": 8
            }
          ]
         }
      },
      { "level": 75,
          "mobPool": {
          "mobs": [
            {
              "value": "minecraft:zombie",
              "weight": 20
            },
            {
              "value": "minecraft:husk",
              "weight": 20
            },
            {
              "value": "minecraft:vindicator",
              "weight": 1
            },
            {
              "value": "minecraft:spider",
              "weight": 10
            },
            {
              "value": "the_vault:vault_fighter_1",
              "weight": 4
            }
          ]
        }
      },
      { "level": 150,
        "mobPool": {
          "mobs": [
            {
              "value": "minecraft:husk",
              "weight": 1600
            },
            {
              "value": "minecraft:zombie",
              "weight": 800
            },
            {
              "value": "minecraft:spider",
              "weight": 800
            },
            {
              "value": "minecraft:cave_spider",
              "weight": 100
            },
            {
              "value": "minecraft:vindicator",
              "weight": 100
            },
            {
              "value": "minecraft:ravager",
              "weight": 1
            },
            {
              "value": "the_vault:vault_fighter",
              "weight": 100
            },
            {
              "value": "the_vault:vault_fighter_1",
              "weight": 100
            },
            {
              "value": "the_vault:vault_fighter_2",
              "weight": 60
            },
            {
              "value": "the_vault:vault_fighter_3",
              "weight": 40
            }
          ]
        }
      },
      { "level": 250,
        "mobPool": {
          "mobs": [
            {
              "value": "minecraft:piglin_brute",
              "weight": 400
            },
            {
              "value": "minecraft:husk",
              "weight": 800
            },
            {
              "value": "minecraft:zombie",
              "weight": 600
            },
            {
              "value": "minecraft:spider",
              "weight": 600
            },
            {
              "value": "minecraft:cave_spider",
              "weight": 100
            },
            {
              "value": "minecraft:vindicator",
              "weight": 100
            },
            {
              "value": "minecraft:ravager",
              "weight": 1
            },
            {
              "value": "the_vault:vault_fighter_1",
              "weight": 100
            },
            {
              "value": "the_vault:vault_fighter_2",
              "weight": 80
            },
            {
              "value": "the_vault:vault_fighter_3",
              "weight": 60
            },
            {
              "value": "the_vault:vault_fighter_4",
              "weight": 40
            }
          ]
        }
      }
    ],
    "spiderbomb": [
      { "level": 0,
        "mobPool": {
          "mobs": [
            {
              "value": "minecraft:spider",
              "weight": 1
            }
          ]
        }
      },
      { "level": 175,
        "mobPool": {
          "mobs": [
            {
              "value": "minecraft:spider",
              "weight": 3
            },
            {
              "value": "minecraft:cave_spider",
              "weight": 1
            }
          ]
        }
      }
    ],
    "creepers": [
      { "level": 0,
        "mobPool": {
          "mobs": [
            {
              "value": "minecraft:creeper",
              "weight": 1
            }
          ]
        }
      }
    ],
    "troll": [
      { "level": 0,
        "mobPool": {
          "mobs": [
            {
              "value": "minecraft:pig",
              "weight": 1
            },
            {
              "value": "minecraft:rabbit",
              "weight": 1
            }
          ]
        }
      }
    ],
    "silverfish": [
      { "level": 0,
        "mobPool": {
          "mobs": [
            {
              "value": "minecraft:silverfish",
              "weight": 1
            }
          ]
        }
      }
    ],
    "guardians": [
      { "level": 0,
        "mobPool": {
          "mobs": [
            {
              "value": "minecraft:pig",
              "weight": 1
            }
          ]
        }
      },
      { "level": 250,
        "mobPool": {
          "mobs": [
            {
              "value": "the_vault:vault_guardian",
              "weight": 1
            }
          ]
        }
      }
    ],
    "goblins": [
      { "level": 0,
        "mobPool": {
          "mobs": [
            {
              "value": "the_vault:treasure_goblin",
              "weight": 1
            }
          ]
        }
      }
    ],
    "ravagerfest": [
      { "level": 0,
        "mobPool": {
          "mobs": [
            {
              "value": "minecraft:wither_skeleton",
              "weight": 1
            }
          ]
        }
      },
      { "level": 150,
        "mobPool": {
          "mobs": [
            {
              "value": "minecraft:ravager",
              "weight": 3
            }
            
          ]
        }
      }
    ],
    "vexes": [
      { "level": 0,
        "mobPool": {
          "mobs": [
            {
              "value": "minecraft:skeleton",
              "weight": 1
            }
          ]
        }
      },
      { "level": 115,
        "mobPool": {
          "mobs": [
            {
              "value": "minecraft:stray",
              "weight": 3
            }
            
          ]
        }
      },
      { "level": 150,
        "mobPool": {
          "mobs": [
            {
              "value": "minecraft:vex",
              "weight": 3
            }
            
          ]
        }
      }
    ],
    "vaultfighters": [
      { "level": 0,
        "mobPool": {
          "mobs": [
            {
              "value": "the_vault:vault_fighter",
              "weight": 1
            }
          ]
        }
      },
      { "level": 50,
        "mobPool": {
          "mobs": [
            {
              "value": "the_vault:vault_fighter",
              "weight": 8
            },
            {
              "value": "the_vault:vault_fighter_1",
              "weight": 1
            }
          ]
        }
      },
      { "level": 100,
        "mobPool": {
          "mobs": [
            {
              "value": "the_vault:vault_fighter",
              "weight": 8
            },
            {
              "value": "the_vault:vault_fighter_1",
              "weight": 2
            },
            {
              "value": "the_vault:vault_fighter_2",
              "weight": 1
            }
          ]
        }
      },
      { "level": 150,
        "mobPool": {
          "mobs": [
            {
              "value": "the_vault:vault_fighter",
              "weight": 8
            },
            {
              "value": "the_vault:vault_fighter_1",
              "weight": 6
            },
            {
              "value": "the_vault:vault_fighter_2",
              "weight": 2
            },
            {
              "value": "the_vault:vault_fighter_3",
              "weight": 1
            }
          ]
        }
      },
      { "level": 250,
        "mobPool": {
          "mobs": [
            {
              "value": "the_vault:vault_fighter",
              "weight": 8
            },
            {
              "value": "the_vault:vault_fighter_1",
              "weight": 4
            },
            {
              "value": "the_vault:vault_fighter_2",
              "weight": 6
            },
            {
              "value": "the_vault:vault_fighter_3",
              "weight": 4
            },
            {
              "value": "the_vault:vault_fighter_4",
              "weight": 2
            }
          ]
        }
      }
    ]
  },
  "raidWaves": [
    { "_comment": "wavecomp1",
      "value": {
        "waves": [
          {
            "waveMobs": [
              {
                "min": 2,
                "max": 3,
                "mobPool": "fgroup1"
              }
            ]
          },
          {
            "waveMobs": [
              {
                "min": 3,
                "max": 4,
                "mobPool": "fgroup2"
              }
            ]
          },
          {
            "waveMobs": [
              {
                "min": 3,
                "max": 4,
                "mobPool": "fgroup3"
              }
            ]
          }
        ]
      },
      "weight": 100
    },
    { "_comment": "wavecomp2",
      "value": {
        "waves": [
          {
            "waveMobs": [
              {
                "min": 2,
                "max": 3,
                "mobPool": "fgroup1"
              }
            ]
          },
          {
            "waveMobs": [
              {
                "min": 3,
                "max": 4,
                "mobPool": "fgroup3"
              }
            ]
          },
          {
            "waveMobs": [
              {
                "min": 3,
                "max": 4,
                "mobPool": "fgroup4"
              }
            ]
          }
        ]
      },
      "weight": 100
    },
    { "_comment": "wavecomp3",
      "value": {
        "waves": [
          {
            "waveMobs": [
              {
                "min": 2,
                "max": 3,
                "mobPool": "fgroup5"
              }
            ]
          },
          {
            "waveMobs": [
              {
                "min": 3,
                "max": 4,
                "mobPool": "fgroup2"
              }
            ]
          },
          {
            "waveMobs": [
              {
                "min": 3,
                "max": 4,
                "mobPool": "fgroup6"
              }
            ]
          }
        ]
      },
      "weight": 80
    },
    { "_comment": "wavecomp4",
      "value": {
        "waves": [
          {
            "waveMobs": [
              {
                "min": 2,
                "max": 3,
                "mobPool": "fgroup1"
              }
            ]
          },
          {
            "waveMobs": [
              {
                "min": 3,
                "max": 4,
                "mobPool": "fgroup2"
              }
            ]
          },
          {
            "waveMobs": [
              {
                "min": 3,
                "max": 4,
                "mobPool": "fgroup7"
              }
            ]
          }
        ]
      },
      "weight": 80
    },
    { "_comment": "wavecomp5",
      "value": {
        "waves": [
          {
            "waveMobs": [
              {
                "min": 2,
                "max": 3,
                "mobPool": "fgroup2"
              }
            ]
          },
          {
            "waveMobs": [
              {
                "min": 3,
                "max": 4,
                "mobPool": "fgroup8"
              }
            ]
          },
          {
            "waveMobs": [
              {
                "min": 3,
                "max": 4,
                "mobPool": "fgroup9"
              }
            ]
          }
        ]
      },
      "weight": 80
    },
    { "_comment": "wavecomp6",
      "value": {
        "waves": [
          {
            "waveMobs": [
              {
                "min": 2,
                "max": 3,
                "mobPool": "fgroup2"
              }
            ]
          },
          {
            "waveMobs": [
              {
                "min": 3,
                "max": 4,
                "mobPool": "fgroup3"
              }
            ]
          },
          {
            "waveMobs": [
              {
                "min": 3,
                "max": 4,
                "mobPool": "fgroup10"
              }
            ]
          }
        ]
      },
      "weight": 80
    },
    { "_comment": "wavecomp7",
      "value": {
        "waves": [
          {
            "waveMobs": [
              {
                "min": 2,
                "max": 3,
                "mobPool": "fgroup9"
              }
            ]
          },
          {
            "waveMobs": [
              {
                "min": 3,
                "max": 4,
                "mobPool": "fgroup9"
              }
            ]
          },
          {
            "waveMobs": [
              {
                "min": 3,
                "max": 4,
                "mobPool": "fgroup11"
              }
            ]
          }
        ]
      },
      "weight": 80
    },
    { "_comment": "wavecomp8",
      "value": {
        "waves": [
          {
            "waveMobs": [
              {
                "min": 2,
                "max": 3,
                "mobPool": "fgroup14"
              }
            ]
          },
          {
            "waveMobs": [
              {
                "min": 3,
                "max": 4,
                "mobPool": "fgroup12"
              }
            ]
          },
          {
            "waveMobs": [
              {
                "min": 3,
                "max": 4,
                "mobPool": "fgroup13"
              }
            ]
          }
        ]
      },
      "weight": 80000
    }
  ],
  "amountLevels": [
    {
      "level": 0,
      "mobAmountMultiplier": 1.0
    },
    {
      "level": 50,
      "mobAmountMultiplier": 1.0
    },
    {
      "level": 100,
      "mobAmountMultiplier": 1.1
    },
    {
      "level": 150,
      "mobAmountMultiplier": 1.4
    },
    {
      "level": 200,
      "mobAmountMultiplier": 2.0
    },
    {
      "level": 250,
      "mobAmountMultiplier": 3.0
    }
  ]
}