{
    "tasks": [
      {
        "type": "chest",
        "target": "the_vault:wooden_chest",
        "probability": 0.5,
        "multiplier": 1.0,
        "icon": "the_vault:textures/gui/scavenger/wooden_chest.png",
        "entries": {
          "the_vault:scavenger_ripped_page": {
            "weight": 8,
            "color": 5353215
          },
          "the_vault:scavenger_zombie_hide": {
            "weight": 4,
            "color": 16771072
          },
          "the_vault:scavenger_pottery_shard": {
            "weight": 2,
            "color": 16711935
          },
          "the_vault:scavenger_spider_webbing_spool": {
            "weight": 1,
            "color": 7012096
          }
        }
      },
      {
        "type": "chest",
        "target": "the_vault:gilded_chest",
        "probability": 0.5,
        "multiplier": 0.2,
        "icon": "the_vault:textures/gui/scavenger/gilded_chest.png",
        "entries": {
          "the_vault:scavenger_red_scroll": {
            "weight": 8,
            "color": 5353215
          },
          "the_vault:scavenger_spider_soul_charm": {
            "weight": 4,
            "color": 16771072
          },
          "the_vault:scavenger_goblet": {
            "weight": 2,
            "color": 16711935
          },
          "the_vault:scavenger_earrings": {
            "weight": 1,
            "color": 7012096
          }
        }
      },
      {
        "type": "chest",
        "target": "the_vault:ornate_chest",
        "probability": 0.5,
        "multiplier": 0.2,
        "icon": "the_vault:textures/gui/scavenger/ornate_chest.png",
        "entries": {
          "the_vault:scavenger_empty_jar": {
            "weight": 8,
            "color": 5353215
          },
          "the_vault:scavenger_sack": {
            "weight": 4,
            "color": 16771072
          },
          "the_vault:scavenger_saddle_bag": {
            "weight": 2,
            "color": 16711935
          },
          "the_vault:scavenger_wizard_wand": {
            "weight": 1,
            "color": 7012096
          }
        }
      },
      {
        "type": "chest",
        "target": "the_vault:living_chest",
        "probability": 0.5,
        "multiplier": 0.2,
        "icon": "the_vault:textures/gui/scavenger/living_chest.png",
        "entries": {
          "the_vault:scavenger_drowned_hide": {
            "weight": 8,
            "color": 5353215
          },
          "the_vault:scavenger_skeleton_bone_shard": {
            "weight": 4,
            "color": 16771072
          },
          "the_vault:scavenger_zombie_brain": {
            "weight": 2,
            "color": 16711935
          },
          "the_vault:scavenger_creeper_eye": {
            "weight": 1,
            "color": 7012096
          }
        }
      },
      {
        "type": "coin_stacks",
        "target": "the_vault:coin_pile",
        "probability": 0.25,
        "multiplier": 0.5,
        "icon": "the_vault:textures/gui/scavenger/coin_stacks.png",
        "entries": {
          "the_vault:scavenger_zombie_blood_vial": {
            "weight": 8,
            "color": 5353215
          },
          "the_vault:scavenger_cracked_script": {
            "weight": 4,
            "color": 16771072
          },
          "the_vault:scavenger_green_bangle": {
            "weight": 2,
            "color": 16711935
          },
          "the_vault:scavenger_cracked_pearl": {
            "weight": 1,
            "color": 7012096
          }
        }
      },
      {
        "type": "mob",
        "probability": 0.3,
        "multiplier": 1.0,
        "icon": "the_vault:textures/gui/scavenger/mob.png",
        "color": 16777215,
        "entries": {
          "the_vault:scavenger_mob_black": [
            "minecraft:skeleton",
            "quark:wraith",
            "minecraft:stray",
            "minecraft:polar_bear",
            "minecraft:creeper",
            "minecraft:slime",
            "the_vault:vault_spider",
            "minecraft:shulker",
            "the_vault:t1_skeleton",
            "the_vault:t1_creeper",
            "the_vault:t1_stray",
            "minecraft:piglin_brute",
            "minecraft:wither_skeleton",
            "minecraft:blaze",
            "minecraft:magma_cube",
            "auxiliaryblocks:snowdood"
          ],
          "the_vault:scavenger_mob_purple": [
            "the_vault:vault_fighter",
            "the_vault:vault_fighter_1",
            "minecraft:witch",
            "auxiliaryblocks:gingerbread_man",
            "auxiliaryblocks:gingerbread_man_small"
          ],
          "the_vault:scavenger_mob_green": [
            "minecraft:zombie",
            "minecraft:drowned",
            "minecraft:husk",
            "the_vault:t1_zombie",
            "the_vault:t1_husk",
            "the_vault:t1_drowned",
            "minecraft:enderman",
            "the_vault:t1_enderman",
            "minecraft:piglin",
            "the_vault:vault_yellow_gummy_soldier",
            "the_vault:vault_green_gummy_soldier",
            "the_vault:vault_red_gummy_soldier",
            "the_vault:vault_blue_gummy_soldier"
            
          ]
        }
      }
    ],
    "levels": [
      {
        "level": 0,
        "goalCount": {
          "type": "uniform",
          "min": 3,
          "max": 5
        },
        "itemCount": {
          "type": "uniform",
          "min": 1,
          "max": 4
        }
      },
      {
        "level": 10,
        "goalCount": {
          "type": "uniform",
          "min": 3,
          "max": 5
        },
        "itemCount": {
          "type": "uniform",
          "min": 2,
          "max": 8
        }
      },
      {
        "level": 20,
        "goalCount": {
          "type": "uniform",
          "min": 3,
          "max": 5
        },
        "itemCount": {
          "type": "uniform",
          "min": 4,
          "max": 12
        }
      }
    ]
  }