{
  "LEVELS": [
    {
      "MIN_LEVEL": 0,
      "POOLS": [
        {
          "MIN_ROLLS": 1,
          "MAX_ROLLS": 1,
          "POOL": [
            {
              "value": "Silent",
              "weight": 1
            },
            {
              "value": "Chaotic",
              "weight": 1
            },
            {
              "value": "Crowded",
              "weight": 3
            },
            {
              "value": "Personal Space",
              "weight": 1
            },
            {
              "value": "Furious",
              "weight": 3
            },
            {
              "value": "Raging",
              "weight": 1
            }
          ]
        }
      ]
    }
  ]
}