{
  "startTicks": 6000,
  "sandPerRoom": 5,
  "ticksPerSand": 180,
  "mpSandTrigger": 20,
  "spSandTrigger": 50,
  "requiredItems": {
    "pool": [
      {
        "value": {
          "item": "the_vault:scavenger_blue_bangle",
          "min": 25,
          "max": 25
        },
        "weight": 4
      },
      {
        "value": {
          "item": "the_vault:scavenger_pink_bangle",
          "min": 25,
          "max": 25
        },
        "weight": 4
      },
      {
        "value": {
          "item": "the_vault:scavenger_green_bangle",
          "min": 25,
          "max": 25
        },
        "weight": 4
      },
      {
        "value": {
          "item": "the_vault:scavenger_earrings",
          "min": 12,
          "max": 12
        },
        "weight": 1
      },
      {
        "value": {
          "item": "the_vault:scavenger_goblet",
          "min": 12,
          "max": 12
        },
        "weight": 1
      },
      {
        "value": {
          "item": "the_vault:scavenger_sack",
          "min": 20,
          "max": 20
        },
        "weight": 2
      },
      {
        "value": {
          "item": "the_vault:scavenger_red_scroll",
          "min": 25,
          "max": 25
        },
        "weight": 4
      },
      {
        "value": {
          "item": "the_vault:scavenger_blue_scroll",
          "min": 25,
          "max": 25
        },
        "weight": 4
      }
    ],
    "min": 5,
    "max": 5
  },
  "chestItems": {
    "pool": [],
    "min": 1,
    "max": 3
  },
  "treasureItems": {
    "pool": [
      {
        "value": {
          "item": "the_vault:scavenger_blue_bangle",
          "min": -1,
          "max": 1
        },
        "weight": 4
      },
      {
        "value": {
          "item": "the_vault:scavenger_pink_bangle",
          "min": -1,
          "max": 1
        },
        "weight": 4
      },
      {
        "value": {
          "item": "the_vault:scavenger_green_bangle",
          "min": -1,
          "max": 1
        },
        "weight": 4
      },
      {
        "value": {
          "item": "the_vault:scavenger_earrings",
          "min": -2,
          "max": 1
        },
        "weight": 1
      },
      {
        "value": {
          "item": "the_vault:scavenger_goblet",
          "min": -2,
          "max": 1
        },
        "weight": 1
      },
      {
        "value": {
          "item": "the_vault:scavenger_sack",
          "min": -1,
          "max": 1
        },
        "weight": 3
      },
      {
        "value": {
          "item": "the_vault:scavenger_red_scroll",
          "min": -1,
          "max": 1
        },
        "weight": 4
      },
      {
        "value": {
          "item": "the_vault:scavenger_blue_scroll",
          "min": -1,
          "max": 1
        },
        "weight": 4
      }
    ],
    "min": 1,
    "max": 1
  },
  "mobDropItems": {
    "minecraft:cave_spider": {
      "pool": [
        {
          "value": {
            "item": "the_vault:scavenger_spider_fangs",
            "min": 1,
            "max": 1
          },
          "weight": 1
        },
        {
          "value": {
            "item": "the_vault:scavenger_spider_leg",
            "min": 1,
            "max": 1
          },
          "weight": 1
        },
        {
          "value": {
            "item": "the_vault:scavenger_spider_webbing_spool",
            "min": 1,
            "max": 1
          },
          "weight": 1
        },
        {
          "value": {
            "item": "the_vault:scavenger_spider_cursed_charm",
            "min": 1,
            "max": 1
          },
          "weight": 1
        },
        {
          "value": {
            "item": "the_vault:scavenger_spider_vial",
            "min": 1,
            "max": 1
          },
          "weight": 1
        },
        {
          "value": {
            "item": "the_vault:scavenger_spider_soul_charm",
            "min": 1,
            "max": 1
          },
          "weight": 1
        }
      ],
      "min": 1,
      "max": 3
    },
    "minecraft:skeleton": {
      "pool": [
        {
          "value": {
            "item": "the_vault:scavenger_skeleton_bone_shard",
            "min": 1,
            "max": 1
          },
          "weight": 1
        },
        {
          "value": {
            "item": "the_vault:scavenger_skeleton_milky_eye",
            "min": 1,
            "max": 1
          },
          "weight": 1
        },
        {
          "value": {
            "item": "the_vault:scavenger_skeleton_ribcage",
            "min": 1,
            "max": 1
          },
          "weight": 1
        },
        {
          "value": {
            "item": "the_vault:scavenger_skeleton_skull",
            "min": 1,
            "max": 1
          },
          "weight": 1
        },
        {
          "value": {
            "item": "the_vault:scavenger_skeleton_wishbone",
            "min": 1,
            "max": 1
          },
          "weight": 1
        },
        {
          "value": {
            "item": "the_vault:scavenger_skeleton_milky_vial",
            "min": 1,
            "max": 1
          },
          "weight": 1
        },
        {
          "value": {
            "item": "the_vault:scavenger_skeleton_soul_charm",
            "min": 1,
            "max": 1
          },
          "weight": 1
        }
      ],
      "min": 1,
      "max": 3
    },
    "minecraft:spider": {
      "pool": [
        {
          "value": {
            "item": "the_vault:scavenger_spider_fangs",
            "min": 1,
            "max": 1
          },
          "weight": 1
        },
        {
          "value": {
            "item": "the_vault:scavenger_spider_leg",
            "min": 1,
            "max": 1
          },
          "weight": 1
        },
        {
          "value": {
            "item": "the_vault:scavenger_spider_webbing_spool",
            "min": 1,
            "max": 1
          },
          "weight": 1
        },
        {
          "value": {
            "item": "the_vault:scavenger_spider_cursed_charm",
            "min": 1,
            "max": 1
          },
          "weight": 1
        },
        {
          "value": {
            "item": "the_vault:scavenger_spider_vial",
            "min": 1,
            "max": 1
          },
          "weight": 1
        },
        {
          "value": {
            "item": "the_vault:scavenger_spider_soul_charm",
            "min": 1,
            "max": 1
          },
          "weight": 1
        }
      ],
      "min": 1,
      "max": 3
    },
    "minecraft:zombie": {
      "pool": [
        {
          "value": {
            "item": "the_vault:scavenger_zombie_brain",
            "min": 1,
            "max": 1
          },
          "weight": 1
        },
        {
          "value": {
            "item": "the_vault:scavenger_zombie_arm",
            "min": 1,
            "max": 1
          },
          "weight": 1
        },
        {
          "value": {
            "item": "the_vault:scavenger_zombie_ear",
            "min": 1,
            "max": 1
          },
          "weight": 1
        },
        {
          "value": {
            "item": "the_vault:scavenger_zombie_eye",
            "min": 1,
            "max": 1
          },
          "weight": 1
        },
        {
          "value": {
            "item": "the_vault:scavenger_zombie_hide",
            "min": 1,
            "max": 1
          },
          "weight": 1
        },
        {
          "value": {
            "item": "the_vault:scavenger_zombie_nose",
            "min": 1,
            "max": 1
          },
          "weight": 1
        },
        {
          "value": {
            "item": "the_vault:scavenger_zombie_blood_vial",
            "min": 1,
            "max": 1
          },
          "weight": 1
        }
      ],
      "min": 1,
      "max": 3
    },
    "minecraft:wither_skeleton": {
      "pool": [
        {
          "value": {
            "item": "the_vault:scavenger_skeleton_bone_shard",
            "min": 1,
            "max": 1
          },
          "weight": 1
        },
        {
          "value": {
            "item": "the_vault:scavenger_skeleton_milky_eye",
            "min": 1,
            "max": 1
          },
          "weight": 1
        },
        {
          "value": {
            "item": "the_vault:scavenger_skeleton_ribcage",
            "min": 1,
            "max": 1
          },
          "weight": 1
        },
        {
          "value": {
            "item": "the_vault:scavenger_skeleton_skull",
            "min": 1,
            "max": 1
          },
          "weight": 1
        },
        {
          "value": {
            "item": "the_vault:scavenger_skeleton_wishbone",
            "min": 1,
            "max": 1
          },
          "weight": 1
        },
        {
          "value": {
            "item": "the_vault:scavenger_skeleton_milky_vial",
            "min": 1,
            "max": 1
          },
          "weight": 1
        },
        {
          "value": {
            "item": "the_vault:scavenger_skeleton_soul_charm",
            "min": 1,
            "max": 1
          },
          "weight": 1
        }
      ],
      "min": 1,
      "max": 3
    },
    "minecraft:creeper": {
      "pool": [
        {
          "value": {
            "item": "the_vault:scavenger_creeper_eye",
            "min": 1,
            "max": 1
          },
          "weight": 1
        },
        {
          "value": {
            "item": "the_vault:scavenger_creeper_foot",
            "min": 1,
            "max": 1
          },
          "weight": 1
        },
        {
          "value": {
            "item": "the_vault:scavenger_creeper_fuse",
            "min": 1,
            "max": 1
          },
          "weight": 1
        },
        {
          "value": {
            "item": "the_vault:scavenger_creeper_tnt",
            "min": 1,
            "max": 1
          },
          "weight": 1
        },
        {
          "value": {
            "item": "the_vault:scavenger_creeper_vial",
            "min": 1,
            "max": 1
          },
          "weight": 1
        },
        {
          "value": {
            "item": "the_vault:scavenger_creeper_soul_charm",
            "min": 1,
            "max": 1
          },
          "weight": 1
        }
      ],
      "min": 1,
      "max": 3
    },
    "minecraft:drowned": {
      "pool": [
        {
          "value": {
            "item": "the_vault:scavenger_zombie_brain",
            "min": 1,
            "max": 1
          },
          "weight": 1
        },
        {
          "value": {
            "item": "the_vault:scavenger_zombie_arm",
            "min": 1,
            "max": 1
          },
          "weight": 1
        },
        {
          "value": {
            "item": "the_vault:scavenger_zombie_ear",
            "min": 1,
            "max": 1
          },
          "weight": 1
        },
        {
          "value": {
            "item": "the_vault:scavenger_zombie_eye",
            "min": 1,
            "max": 1
          },
          "weight": 1
        },
        {
          "value": {
            "item": "the_vault:scavenger_zombie_hide",
            "min": 1,
            "max": 1
          },
          "weight": 1
        },
        {
          "value": {
            "item": "the_vault:scavenger_zombie_nose",
            "min": 1,
            "max": 1
          },
          "weight": 1
        },
        {
          "value": {
            "item": "the_vault:scavenger_zombie_blood_vial",
            "min": 1,
            "max": 1
          },
          "weight": 1
        },
        {
          "value": {
            "item": "the_vault:scavenger_drowned_barnacle",
            "min": 1,
            "max": 1
          },
          "weight": 1
        },
        {
          "value": {
            "item": "the_vault:scavenger_drowned_eye",
            "min": 1,
            "max": 1
          },
          "weight": 1
        },
        {
          "value": {
            "item": "the_vault:scavenger_drowned_hide",
            "min": 1,
            "max": 1
          },
          "weight": 1
        },
        {
          "value": {
            "item": "the_vault:scavenger_drowned_vial",
            "min": 1,
            "max": 1
          },
          "weight": 1
        },
        {
          "value": {
            "item": "the_vault:scavenger_drowned_soul_charm",
            "min": 1,
            "max": 1
          },
          "weight": 1
        }
      ],
      "min": 1,
      "max": 3
    },
    "minecraft:husk": {
      "pool": [
        {
          "value": {
            "item": "the_vault:scavenger_zombie_brain",
            "min": 1,
            "max": 1
          },
          "weight": 1
        },
        {
          "value": {
            "item": "the_vault:scavenger_zombie_arm",
            "min": 1,
            "max": 1
          },
          "weight": 1
        },
        {
          "value": {
            "item": "the_vault:scavenger_zombie_ear",
            "min": 1,
            "max": 1
          },
          "weight": 1
        },
        {
          "value": {
            "item": "the_vault:scavenger_zombie_eye",
            "min": 1,
            "max": 1
          },
          "weight": 1
        },
        {
          "value": {
            "item": "the_vault:scavenger_zombie_hide",
            "min": 1,
            "max": 1
          },
          "weight": 1
        },
        {
          "value": {
            "item": "the_vault:scavenger_zombie_nose",
            "min": 1,
            "max": 1
          },
          "weight": 1
        },
        {
          "value": {
            "item": "the_vault:scavenger_zombie_blood_vial",
            "min": 1,
            "max": 1
          },
          "weight": 1
        }
      ],
      "min": 1,
      "max": 3
    }
  }
}