{
  "TRINKETS": {
    "the_vault:carapace": {
      "weight": 10,
      "name": "Carapace",
      "effectText": "Grants Fire & Lava Immunity",
      "color": 3304444,
      "minUses": 10,
      "maxUses": 25,
      "config": {
        "curiosSlot": "charm"
      }
    },
    "the_vault:cat_in_a_jar": {
      "weight": 20,
      "name": "Portable Cat",
      "effectText": "Explosions cause no block damage",
      "color": 3304444,
      "minUses": 10,
      "maxUses": 25,
      "config": {
        "curiosSlot": "charm"
      }
    },
    "the_vault:centipede_feet": {
      "weight": 15,
      "name": "Glue",
      "effectText": "Allows wall climbing",
      "color": 3304444,
      "minUses": 10,
      "maxUses": 25,
      "config": {
        "curiosSlot": "charm"
      }
    },
    "the_vault:chromatic_feather": {
      "weight": 5,
      "name": "Prismatic Feather",
      "effectText": "Grants triple jump",
      "color": 3304444,
      "minUses": 10,
      "maxUses": 25,
      "config": {
        "curiosSlot": "charm"
      }
    },
    "the_vault:chromatic_powder": {
      "weight": 20,
      "name": "Chromatic Powder",
      "effectText": "Reduces vault gear damage with 50%",
      "color": 16534066,
      "minUses": 10,
      "maxUses": 25,
      "config": {
        "key": "the_vault:durability_wear_reduction",
        "value": 0.5,
        "curiosSlot": "trinket"
      }
    },
    "the_vault:crystal_ball": {
      "weight": 15,
      "name": "Crystal Ball",
      "effectText": "+50% Max Mana",
      "color": 3304444,
      "minUses": 10,
      "maxUses": 25,
      "config": {
        "attribute": "the_vault:generic.mana_max",
        "modifier": {
          "id": "414da533-4911-4c9e-8a7c-ab52570447c4",
          "name": "attribute.name.generic.mana_max",
          "amount": 0.5,
          "operation": 2
        },
        "curiosSlot": "charm"
      }
    },
    "the_vault:elven_socks": {
      "weight": 10,
      "name": "Elvish Air",
      "effectText": "Removes any and all fall damage",
      "color": 3304444,
      "minUses": 10,
      "maxUses": 25,
      "config": {
        "curiosSlot": "charm"
      }
    },
    "the_vault:giants_heart": {
      "weight": 15,
      "name": "Giant's Heart",
      "effectText": "+25% Max Health",
      "color": 16534066,
      "minUses": 10,
      "maxUses": 25,
      "config": {
        "attribute": "minecraft:generic.max_health",
        "modifier": {
          "id": "b3408bb8-db2c-4c6e-a7ca-7acc2a73f3fb",
          "name": "attribute.name.generic.max_health",
          "amount": 0.25,
          "operation": 2
        },
        "curiosSlot": "trinket"
      }
    },
    "the_vault:gluttony_pendant": {
      "weight": 20,
      "name": "Gluttony Pendant",
      "effectText": "Grants instant eating speed",
      "color": 3304444,
      "minUses": 10,
      "maxUses": 25,
      "config": {
        "curiosSlot": "charm"
      }
    },
    "the_vault:golden_burger": {
      "weight": 15,
      "name": "Golden Burger",
      "effectText": "+50% Vault Experience",
      "color": 16534066,
      "minUses": 10,
      "maxUses": 25,
      "config": {
        "experienceIncrease": 0.5,
        "curiosSlot": "trinket"
      }
    },
    "the_vault:high_heels": {
      "weight": 10,
      "name": "The Frog",
      "effectText": "Grants the ability to walk up full blocks",
      "color": 3304444,
      "minUses": 10,
      "maxUses": 25,
      "config": {
        "attribute": "forge:step_height_addition",
        "modifier": {
          "id": "999b0d8f-ec59-4436-9808-034b41ecb30e",
          "name": "forge.stepHeight",
          "amount": 1.0,
          "operation": 0
        },
        "curiosSlot": "charm"
      }
    },
    "the_vault:idonas_blade": {
      "weight": 15,
      "name": "Idona's Dagger",
      "effectText": "+100% Soul Shard drop rate",
      "color": 16534066,
      "minUses": 10,
      "maxUses": 25,
      "config": {
        "key": "the_vault:soul_chance",
        "value": 1.0,
        "curiosSlot": "trinket"
      }
    },
    "the_vault:lucky_goose": {
      "weight": 15,
      "name": "Lucky Goose",
      "effectText": "+50% Item Rarity",
      "color": 16534066,
      "minUses": 10,
      "maxUses": 25,
      "config": {
        "key": "the_vault:item_rarity",
        "value": 0.5,
        "curiosSlot": "trinket"
      }
    },
    "the_vault:night_vision_goggles": {
      "weight": 20,
      "name": "Night Vision Goggles",
      "effectText": "Grants Night Vision",
      "color": 16534066,
      "minUses": 10,
      "maxUses": 25,
      "config": {
        "effect": "minecraft:night_vision",
        "addedAmplifier": 1,
        "curiosSlot": "trinket"
      }
    },
    "the_vault:phylactery": {
      "weight": 20,
      "name": "Phylactery",
      "effectText": "Doubles mana regeneration",
      "color": 3304444,
      "minUses": 10,
      "maxUses": 25,
      "config": {
        "attribute": "the_vault:generic.mana_regen",
        "modifier": {
          "id": "a58f4e10-01e8-4b49-80cb-8998f083ad97",
          "name": "attribute.name.generic.mana_regen",
          "amount": 1.0,
          "operation": 2
        },
        "curiosSlot": "charm"
      }
    },
    "the_vault:tenos_charm": {
      "weight": 10,
      "name": "Tenos' Pouch",
      "effectText": "+25% Item Quantity",
      "color": 16534066,
      "minUses": 10,
      "maxUses": 25,
      "config": {
        "key": "the_vault:item_quantity",
        "value": 0.25,
        "curiosSlot": "trinket"
      }
    },
    "the_vault:velaras_petal": {
      "weight": 15,
      "name": "Velara's Petal",
      "effectText": "+1 Regeneration",
      "color": 16534066,
      "minUses": 10,
      "maxUses": 25,
      "config": {
        "effect": "minecraft:regeneration",
        "addedAmplifier": 1,
        "curiosSlot": "trinket"
      }
    },
    "the_vault:wendarrs_hourglass": {
      "weight": 10,
      "name": "Wendarr's Hourglass",
      "effectText": "Adds 2 minutes and 30 seconds to the Vault Timer",
      "color": 16534066,
      "minUses": 10,
      "maxUses": 25,
      "config": {
        "timeAdded": 3000,
        "curiosSlot": "trinket"
      }
    }
  }
}