{
  "vaultPearlMaxUses": 10,
  "magnetSettings": {
    "WEAK": {
      "speed": 3.0,
      "radius": 16.0,
      "pullItems": true,
      "pullExperience": false,
      "pullInstantly": false,
      "maxDurability": 1500
    },
    "OMEGA": {
      "speed": 3.0,
      "radius": 16.0,
      "pullItems": true,
      "pullExperience": true,
      "pullInstantly": true,
      "maxDurability": 10000
    },
    "STRONG": {
      "speed": 6.0,
      "radius": 16.0,
      "pullItems": true,
      "pullExperience": true,
      "pullInstantly": false,
      "maxDurability": 5000
    }
  }
}