{
  "catalystChances": {
    "the_vault:wooden_chest": {
      "RARE": 0.1,
      "EPIC": 0.3,
      "COMMON": 0.0,
      "OMEGA": 0.6
    },
    "the_vault:gilded_chest": {
      "RARE": 0.3,
      "EPIC": 0.6,
      "COMMON": 0.1,
      "OMEGA": 0.8
    },
    "the_vault:living_chest": {
      "RARE": 0.0,
      "EPIC": 0.0,
      "COMMON": 0.0,
      "OMEGA": 0.0
    },
    "the_vault:ornate_chest": {
      "RARE": 0.0,
      "EPIC": 0.0,
      "COMMON": 0.0,
      "OMEGA": 0.0
    },
    "the_vault:treasure_chest": {
      "RARE": 0.0,
      "EPIC": 0.0,
      "COMMON": 0.0,
      "OMEGA": 0.0
    },
    "the_vault:altar_chest": {
      "RARE": 0.0,
      "EPIC": 0.0,
      "COMMON": 0.0,
      "OMEGA": 0.0
    }
  },
  "runeChances": {
    "the_vault:wooden_chest": {
      "RARE": 0.0,
      "EPIC": 0.0,
      "COMMON": 0.0,
      "OMEGA": 0.0
    },
    "the_vault:gilded_chest": {
      "RARE": 0.0,
      "EPIC": 0.0,
      "COMMON": 0.0,
      "OMEGA": 0.0
    },
    "the_vault:living_chest": {
      "RARE": 0.0,
      "EPIC": 0.0,
      "COMMON": 0.0,
      "OMEGA": 0.0
    },
    "the_vault:ornate_chest": {
      "RARE": 0.0,
      "EPIC": 0.0,
      "COMMON": 0.0,
      "OMEGA": 0.0
    },
    "the_vault:treasure_chest": {
      "RARE": 0.0,
      "EPIC": 0.0,
      "COMMON": 0.0,
      "OMEGA": 0.0
    },
    "the_vault:altar_chest": {
      "RARE": 0.0,
      "EPIC": 0.0,
      "COMMON": 0.0,
      "OMEGA": 0.0
    }
  }
}