{
  "processingTickTime": 20,
  "outputItem": "the_vault:soul_dust",
  "diffuserOutputMap": {
    "the_vault:silver_scrap": 6,
    "the_vault:hunter_eye": 64,
    "the_vault:mote_of_clarity": 132,
    "the_vault:mote_of_purity": 320,
    "the_vault:plain_burger": 9,
    "the_vault:cheese_burger": 21,
    "the_vault:double_cheese_burger": 25,
    "the_vault:deluxe_cheese_burger": 41,
    "the_vault:crispy_deluxe_cheese_burger": 73,
    "the_vault:relic_booster_pack": 32,
    "the_vault:skill_shard": 162,
    "the_vault:skill_essence": 18,
    "the_vault:bitter_lemon": 192,
    "the_vault:key_piece": 312,
    "the_vault:poisonous_mushroom": 42,
    "the_vault:vault_diamond": 128,
    "the_vault:unidentified_relic": 256,
    "the_vault:sweet_kiwi": 32,
    "the_vault:vault_scrap": 32,
    "the_vault:vault_ingot": 81,
    "the_vault:vault_nugget": 9,
    "the_vault:vault_dust": 1,
    "the_vault:mystery_box": 36,
    "the_vault:mystery_egg": 256,
    "the_vault:mystery_hostile_egg": 128,
    "the_vault:acceleration_chip": 256,
    "the_vault:eternal_soul": 64,
    "the_vault:knowledge_star_shard": 288,
    "the_vault:knowledge_star_essence": 32,
    "the_vault:vault_apple": 9,
    "the_vault:hearty_apple": 32,
    "the_vault:magnetite": 9,
    "the_vault:vault_essence": 11,
    "the_vault:vault_plating": 4,
    "the_vault:vault_alloy": 42,
    "the_vault:wild_focus": 18,
    "the_vault:amplifying_focus": 27,
    "the_vault:nullifying_focus": 48,
    "the_vault:fundamental_focus": 256,
    "the_vault:faceted_focus": 256,
    "the_vault:soul_shard": 1,
    "the_vault:vault_catalyst_fragment": 12,
    "the_vault:magnet": 256,
    "the_vault:mod_box": 256,
    "the_vault:chromatic_steel_ingot": 48,
    "the_vault:magic_silk": 5,
    "the_vault:carbon": 18,
    "the_vault:carbon_nugget": 2,
    "the_vault:burger_bun": 5,
    "the_vault:burger_patty": 4,
    "the_vault:burger_cheese": 12,
    "the_vault:burger_tomato": 20,
    "the_vault:burger_lettuce": 32,
    "the_vault:driftwood": 4,
    "the_vault:vault_meat": 7,
    "the_vault:regret_nugget": 2,
    "the_vault:regret_chunk": 18,
    "the_vault:regret_orb": 144,
    "the_vault:phoenix_dust": 64,
    "the_vault:dreamstone": 32,
    "the_vault:rune": 128,
    "the_vault:wooden_chest_scroll": 128,
    "the_vault:ornate_chest_scroll": 256,
    "the_vault:gilded_chest_scroll": 256,
    "the_vault:living_chest_scroll": 256,
    "the_vault:altar_chest_scroll": 460,
    "the_vault:treasure_chest_scroll": 1000,
    "the_vault:respec_flask": 85,
    "the_vault:vault_catalyst_infused": 320,
    "the_vault:scavenger_creeper_eye": 32,
    "the_vault:scavenger_creeper_foot": 1,
    "the_vault:scavenger_creeper_fuse": 1,
    "the_vault:scavenger_creeper_tnt": 1,
    "the_vault:scavenger_creeper_vial": 1,
    "the_vault:scavenger_creeper_soul_charm": 1,
    "the_vault:scavenger_drowned_barnacle": 1,
    "the_vault:scavenger_drowned_eye": 1,
    "the_vault:scavenger_drowned_hide": 8,
    "the_vault:scavenger_drowned_vial": 1,
    "the_vault:scavenger_drowned_soul_charm": 1,
    "the_vault:scavenger_skeleton_bone_shard": 8,
    "the_vault:scavenger_skeleton_milky_eye": 1,
    "the_vault:scavenger_skeleton_ribcage": 1,
    "the_vault:scavenger_skeleton_skull": 1,
    "the_vault:scavenger_skeleton_wishbone": 1,
    "the_vault:scavenger_skeleton_milky_vial": 1,
    "the_vault:scavenger_skeleton_soul_charm": 1,
    "the_vault:scavenger_spider_fangs": 1,
    "the_vault:scavenger_spider_leg": 1,
    "the_vault:scavenger_spider_webbing_spool": 16,
    "the_vault:scavenger_spider_cursed_charm": 1,
    "the_vault:scavenger_spider_vial": 1,
    "the_vault:scavenger_spider_soul_charm": 8,
    "the_vault:scavenger_zombie_brain": 16,
    "the_vault:scavenger_zombie_arm": 1,
    "the_vault:scavenger_zombie_ear": 1,
    "the_vault:scavenger_zombie_eye": 1,
    "the_vault:scavenger_zombie_hide": 8,
    "the_vault:scavenger_zombie_nose": 1,
    "the_vault:scavenger_zombie_blood_vial": 1,
    "the_vault:scavenger_blue_bangle": 1,
    "the_vault:scavenger_pink_bangle": 1,
    "the_vault:scavenger_green_bangle": 16,
    "the_vault:scavenger_earrings": 32,
    "the_vault:scavenger_goblet": 16,
    "the_vault:scavenger_sack": 8,
    "the_vault:scavenger_red_scroll": 4,
    "the_vault:scavenger_blue_scroll": 1,
    "the_vault:scavenger_broken_pottery": 1,
    "the_vault:scavenger_cracked_pearl": 16,
    "the_vault:scavenger_cracked_script": 4,
    "the_vault:scavenger_empty_jar": 1,
    "the_vault:scavenger_old_book": 1,
    "the_vault:scavenger_pottery_shard": 8,
    "the_vault:scavenger_poultice_jar": 1,
    "the_vault:scavenger_preserves_jar": 1,
    "the_vault:scavenger_ripped_page": 1,
    "the_vault:scavenger_saddle_bag": 8,
    "the_vault:scavenger_spice_jar": 1,
    "the_vault:scavenger_wizard_wand": 16,
    "the_vault:scavenger_mob_black": 8,
    "the_vault:scavenger_mob_green": 1,
    "the_vault:scavenger_mob_purple": 4,
    "the_vault:default": 0
  }
}