{
  "modifierGroup": {
    "IMPLICIT": [
      { "attribute": "the_vault:effect_immunity",
          "group": "BaseImmunity",
          "identifier": "the_vault:base_immunity",
          "tiers": [
            {
              "minLevel": 0,
              "maxLevel": -1,
              "weight": 10,
              "value": {
                "registryKey": "minecraft:mining_fatigue"
              }
            }
          ]
      },
      { "attribute": "the_vault:durability",
        "group": "BaseDurability",
        "identifier": "the_vault:base_durability",
        "tiers": [
          {
            "minLevel": 0,
            "maxLevel": -1,
            "weight": 10,
            "value": {
              "min": 800,
              "max": 1600,
              "step": 1
            }
          },
          {
            "minLevel": 21,
            "maxLevel": -1,
            "weight": 10,
            "value": {
              "min": 1601,
              "max": 2400,
              "step": 1
            }
          },
          {
            "minLevel": 42,
            "maxLevel": -1,
            "weight": 10,
            "value": {
              "min": 2401,
              "max": 3200,
              "step": 1
            }
          },
          {
            "minLevel": 63,
            "maxLevel": -1,
            "weight": 10,
            "value": {
              "min": 3201,
              "max": 4000,
              "step": 1
            }
          },
          {
            "minLevel": 88,
            "maxLevel": -1,
            "weight": 10,
            "value": {
              "min": 4001,
              "max": 5000,
              "step": 1
            }
          }
        ]
      }
    ],
    "PREFIX": [],
    "SUFFIX": [
      { "attribute": "the_vault:mana_additive",
        "group": "ModMana",
        "identifier": "the_vault:mod_mana_additive",
        "tiers": [
          {
            "minLevel": 0,
            "maxLevel": -1,
            "weight": 10,
            "value": {
              "min": 5,
              "max": 10,
              "step": 1
            }
          },
          {
            "minLevel": 31,
            "maxLevel": -1,
            "weight": 10,
            "value": {
              "min": 11,
              "max": 20,
              "step": 1
            }
          },
          {
            "minLevel": 48,
            "maxLevel": -1,
            "weight": 10,
            "value": {
              "min": 21,
              "max": 30,
              "step": 1
            }
          },
          {
            "minLevel": 77,
            "maxLevel": -1,
            "weight": 10,
            "value": {
              "min": 31,
              "max": 40,
              "step": 1
            }
          },
          {
            "minLevel": 93,
            "maxLevel": -1,
            "weight": 10,
            "value": {
              "min": 41,
              "max": 50,
              "step": 1
            }
          },
          {
            "minLevel": 101,
            "maxLevel": -1,
            "weight": 10,
            "value": {
              "min": 51,
              "max": 70,
              "step": 1
            }
          },
          {
            "minLevel": 102,
            "maxLevel": -1,
            "weight": 10,
            "value": {
              "min": 71,
              "max": 90,
              "step": 1
            }
          }
          
        ]
      },
      { "attribute": "the_vault:mana_additive_percentile",
        "group": "ModMana",
        "identifier": "the_vault:mod_mana_additive_percentile",
        "tiers": [
          {
            "minLevel": 41,
            "maxLevel": -1,
            "weight": 10,
            "value": {
              "min": 0.1,
              "max": 0.2,
              "step": 0.01
            }
          },
          {
            "minLevel": 64,
            "maxLevel": -1,
            "weight": 10,
            "value": {
              "min": 0.21,
              "max": 0.3,
              "step": 0.01
            }
          },
          {
            "minLevel": 80,
            "maxLevel": -1,
            "weight": 10,
            "value": {
              "min": 0.31,
              "max": 0.4,
              "step": 0.01
            }
          },
          {
            "minLevel": 96,
            "maxLevel": -1,
            "weight": 10,
            "value": {
              "min": 0.41,
              "max": 0.5,
              "step": 0.01
            }
          },
          {
            "minLevel": 101,
            "maxLevel": -1,
            "weight": 10,
            "value": {
              "min": 0.51,
              "max": 0.6,
              "step": 0.01
            }
          },
          {
            "minLevel": 102,
            "maxLevel": -1,
            "weight": 10,
            "value": {
              "min": 0.61,
              "max": 0.7,
              "step": 0.01
            }
          }
        ]
      },
      { "attribute": "the_vault:effect",
        "group": "ModEffect",
        "identifier": "the_vault:mod_effect_haste",
        "tiers": [
          {
            "minLevel": 20,
            "maxLevel": -1,
            "weight": 10,
            "value": {
              "effectKey": "minecraft:haste",
              "amplifier": 1
            }
          },
          {
            "minLevel": 50,
            "maxLevel": -1,
            "weight": 10,
            "value": {
              "effectKey": "minecraft:haste",
              "amplifier": 2
            }
          }
        ]
      },
      { "attribute": "the_vault:effect",
        "group": "ModEffect",
        "identifier": "the_vault:mod_effect_speed",
        "tiers": [
          {
            "minLevel": 20,
            "maxLevel": -1,
            "weight": 10,
            "value": {
              "effectKey": "minecraft:speed",
              "amplifier": 1
            }
          },
          {
            "minLevel": 50,
            "maxLevel": -1,
            "weight": 10,
            "value": {
              "effectKey": "minecraft:speed",
              "amplifier": 2
            }
          }
        ]
      },
      { "attribute": "the_vault:effect_cloud",
        "group": "ModEffectCloud",
        "identifier": "the_vault:mod_wither_cloud",
        "tiers": [
          {
            "minLevel": 0,
            "maxLevel": -1,
            "weight": 10,
            "value": {
              "tooltipDisplayName": "Wither",
              "potion": "minecraft:empty",
              "additionalEffects": [
                {
                  "effect": "minecraft:wither",
                  "duration": 140,
                  "amplifier": 1,
                  "showParticles": true,
                  "showIcon": true
                }
              ],
              "duration": 60,
              "radius": 4.0,
              "color": 3812162,
              "affectsOwner": false,
              "triggerChance": 0.05
            }
          },
          {
            "minLevel": 6,
            "maxLevel": -1,
            "weight": 10,
            "value": {
              "tooltipDisplayName": "Wither+",
              "potion": "minecraft:empty",
              "additionalEffects": [
                {
                  "effect": "minecraft:wither",
                  "duration": 80,
                  "amplifier": 4,
                  "showParticles": true,
                  "showIcon": true
                }
              ],
              "duration": 5,
              "radius": 24.0,
              "color": 3812162,
              "affectsOwner": false,
              "triggerChance": 0.05
            }
          },
          {
            "minLevel": 32,
            "maxLevel": -1,
            "weight": 10,
            "value": {
              "tooltipDisplayName": "Wither II",
              "potion": "minecraft:empty",
              "additionalEffects": [
                {
                  "effect": "minecraft:wither",
                  "duration": 140,
                  "amplifier": 2,
                  "showParticles": true,
                  "showIcon": true
                }
              ],
              "duration": 60,
              "radius": 4.0,
              "color": 3812162,
              "affectsOwner": false,
              "triggerChance": 0.05
            }
          },
          {
            "minLevel": 38,
            "maxLevel": -1,
            "weight": 10,
            "value": {
              "tooltipDisplayName": "Wither II+",
              "potion": "minecraft:empty",
              "additionalEffects": [
                {
                  "effect": "minecraft:wither",
                  "duration": 80,
                  "amplifier": 8,
                  "showParticles": true,
                  "showIcon": true
                }
              ],
              "duration": 5,
              "radius": 24.0,
              "color": 3812162,
              "affectsOwner": false,
              "triggerChance": 0.05
            }
          },
          {
            "minLevel": 64,
            "maxLevel": -1,
            "weight": 10,
            "value": {
              "tooltipDisplayName": "Wither III",
              "potion": "minecraft:empty",
              "additionalEffects": [
                {
                  "effect": "minecraft:wither",
                  "duration": 140,
                  "amplifier": 3,
                  "showParticles": true,
                  "showIcon": true
                }
              ],
              "duration": 60,
              "radius": 4.0,
              "color": 3812162,
              "affectsOwner": false,
              "triggerChance": 0.05
            }
          },
          {
            "minLevel": 72,
            "maxLevel": -1,
            "weight": 10,
            "value": {
              "tooltipDisplayName": "Wither III+",
              "potion": "minecraft:empty",
              "additionalEffects": [
                {
                  "effect": "minecraft:wither",
                  "duration": 80,
                  "amplifier": 12,
                  "showParticles": true,
                  "showIcon": true
                }
              ],
              "duration": 5,
              "radius": 24.0,
              "color": 3812162,
              "affectsOwner": false,
              "triggerChance": 0.05
            }
          },
          {
            "minLevel": 101,
            "maxLevel": -1,
            "weight": 10,
            "value": {
              "tooltipDisplayName": "Wither IV",
              "potion": "minecraft:empty",
              "additionalEffects": [
                {
                  "effect": "minecraft:wither",
                  "duration": 140,
                  "amplifier": 4,
                  "showParticles": true,
                  "showIcon": true
                }
              ],
              "duration": 60,
              "radius": 4.0,
              "color": 3812162,
              "affectsOwner": false,
              "triggerChance": 0.05
            }
          },
          {
            "minLevel": 102,
            "maxLevel": -1,
            "weight": 10,
            "value": {
              "tooltipDisplayName": "Wither IV+",
              "potion": "minecraft:empty",
              "additionalEffects": [
                {
                  "effect": "minecraft:wither",
                  "duration": 80,
                  "amplifier": 16,
                  "showParticles": true,
                  "showIcon": true
                }
              ],
              "duration": 5,
              "radius": 24.0,
              "color": 3812162,
              "affectsOwner": false,
              "triggerChance": 0.05
            }
          }
        ]
      },
      { "attribute": "the_vault:effect_cloud",
        "group": "ModEffectCloud",
        "identifier": "the_vault:mod_slowness_cloud",
        "tiers": [
          {
            "minLevel": 0,
            "maxLevel": -1,
            "weight": 10,
            "value": {
              "tooltipDisplayName": "Slowness",
              "potion": "minecraft:empty",
              "additionalEffects": [
                {
                  "effect": "minecraft:slowness",
                  "duration": 140,
                  "amplifier": 1,
                  "showParticles": true,
                  "showIcon": true
                }
              ],
              "duration": 60,
              "radius": 4.0,
              "color": 7400423,
              "affectsOwner": false,
              "triggerChance": 0.05
            }
          },
          {
            "minLevel": 6,
            "maxLevel": -1,
            "weight": 10,
            "value": {
              "tooltipDisplayName": "Slowness+",
              "potion": "minecraft:empty",
              "additionalEffects": [
                {
                  "effect": "minecraft:slowness",
                  "duration": 80,
                  "amplifier": 3,
                  "showParticles": true,
                  "showIcon": true
                }
              ],
              "duration": 5,
              "radius": 24.0,
              "color": 7400423,
              "affectsOwner": false,
              "triggerChance": 0.05
            }
          },
          {
            "minLevel": 32,
            "maxLevel": -1,
            "weight": 10,
            "value": {
              "tooltipDisplayName": "Slowness II",
              "potion": "minecraft:empty",
              "additionalEffects": [
                {
                  "effect": "minecraft:slowness",
                  "duration": 140,
                  "amplifier": 2,
                  "showParticles": true,
                  "showIcon": true
                }
              ],
              "duration": 60,
              "radius": 4.0,
              "color": 7400423,
              "affectsOwner": false,
              "triggerChance": 0.05
            }
          },
          {
            "minLevel": 38,
            "maxLevel": -1,
            "weight": 10,
            "value": {
              "tooltipDisplayName": "Slowness II+",
              "potion": "minecraft:empty",
              "additionalEffects": [
                {
                  "effect": "minecraft:slowness",
                  "duration": 80,
                  "amplifier": 4,
                  "showParticles": true,
                  "showIcon": true
                }
              ],
              "duration": 5,
              "radius": 24.0,
              "color": 7400423,
              "affectsOwner": false,
              "triggerChance": 0.05
            }
          },
          {
            "minLevel": 64,
            "maxLevel": -1,
            "weight": 10,
            "value": {
              "tooltipDisplayName": "Slowness III",
              "potion": "minecraft:empty",
              "additionalEffects": [
                {
                  "effect": "minecraft:slowness",
                  "duration": 140,
                  "amplifier": 3,
                  "showParticles": true,
                  "showIcon": true
                }
              ],
              "duration": 60,
              "radius": 4.0,
              "color": 7400423,
              "affectsOwner": false,
              "triggerChance": 0.05
            }
          },
          {
            "minLevel": 72,
            "maxLevel": -1,
            "weight": 10,
            "value": {
              "tooltipDisplayName": "Slowness III+",
              "potion": "minecraft:empty",
              "additionalEffects": [
                {
                  "effect": "minecraft:slowness",
                  "duration": 80,
                  "amplifier": 5,
                  "showParticles": true,
                  "showIcon": true
                }
              ],
              "duration": 5,
              "radius": 24.0,
              "color": 7400423,
              "affectsOwner": false,
              "triggerChance": 0.05
            }
          },
          {
            "minLevel": 101,
            "maxLevel": -1,
            "weight": 10,
            "value": {
              "tooltipDisplayName": "Slowness IV",
              "potion": "minecraft:empty",
              "additionalEffects": [
                {
                  "effect": "minecraft:slowness",
                  "duration": 140,
                  "amplifier": 4,
                  "showParticles": true,
                  "showIcon": true
                }
              ],
              "duration": 60,
              "radius": 4.0,
              "color": 7400423,
              "affectsOwner": false,
              "triggerChance": 0.05
            }
          },
          {
            "minLevel": 102,
            "maxLevel": -1,
            "weight": 10,
            "value": {
              "tooltipDisplayName": "Slowness IV+",
              "potion": "minecraft:empty",
              "additionalEffects": [
                {
                  "effect": "minecraft:slowness",
                  "duration": 80,
                  "amplifier": 6,
                  "showParticles": true,
                  "showIcon": true
                }
              ],
              "duration": 5,
              "radius": 24.0,
              "color": 7400423,
              "affectsOwner": false,
              "triggerChance": 0.05
            }
          }
        ]
      },
      { "attribute": "the_vault:effect_cloud",
        "group": "ModEffectCloud",
        "identifier": "the_vault:mod_weakness_cloud",
        "tiers": [
          {
            "minLevel": 0,
            "maxLevel": -1,
            "weight": 10,
            "value": {
              "tooltipDisplayName": "Weakness",
              "potion": "minecraft:empty",
              "additionalEffects": [
                {
                  "effect": "minecraft:weakness",
                  "duration": 140,
                  "amplifier": 1,
                  "showParticles": true,
                  "showIcon": true
                }
              ],
              "duration": 60,
              "radius": 4.0,
              "color": 10906908,
              "affectsOwner": false,
              "triggerChance": 0.05
            }
          },
          {
            "minLevel": 6,
            "maxLevel": -1,
            "weight": 10,
            "value": {
              "tooltipDisplayName": "Weakness+",
              "potion": "minecraft:empty",
              "additionalEffects": [
                {
                  "effect": "minecraft:weakness",
                  "duration": 80,
                  "amplifier": 3,
                  "showParticles": true,
                  "showIcon": true
                }
              ],
              "duration": 5,
              "radius": 24.0,
              "color": 10906908,
              "affectsOwner": false,
              "triggerChance": 0.05
            }
          },
          {
            "minLevel": 32,
            "maxLevel": -1,
            "weight": 10,
            "value": {
              "tooltipDisplayName": "Weakness II",
              "potion": "minecraft:empty",
              "additionalEffects": [
                {
                  "effect": "minecraft:weakness",
                  "duration": 140,
                  "amplifier": 2,
                  "showParticles": true,
                  "showIcon": true
                }
              ],
              "duration": 60,
              "radius": 4.0,
              "color": 10906908,
              "affectsOwner": false,
              "triggerChance": 0.05
            }
          },
          {
            "minLevel": 38,
            "maxLevel": -1,
            "weight": 10,
            "value": {
              "tooltipDisplayName": "Weakness II+",
              "potion": "minecraft:empty",
              "additionalEffects": [
                {
                  "effect": "minecraft:weakness",
                  "duration": 80,
                  "amplifier": 4,
                  "showParticles": true,
                  "showIcon": true
                }
              ],
              "duration": 5,
              "radius": 24.0,
              "color": 10906908,
              "affectsOwner": false,
              "triggerChance": 0.05
            }
          },
          {
            "minLevel": 64,
            "maxLevel": -1,
            "weight": 10,
            "value": {
              "tooltipDisplayName": "Weakness III",
              "potion": "minecraft:empty",
              "additionalEffects": [
                {
                  "effect": "minecraft:weakness",
                  "duration": 140,
                  "amplifier": 3,
                  "showParticles": true,
                  "showIcon": true
                }
              ],
              "duration": 60,
              "radius": 4.0,
              "color": 10906908,
              "affectsOwner": false,
              "triggerChance": 0.05
            }
          },
          {
            "minLevel": 72,
            "maxLevel": -1,
            "weight": 10,
            "value": {
              "tooltipDisplayName": "Weakness III+",
              "potion": "minecraft:empty",
              "additionalEffects": [
                {
                  "effect": "minecraft:weakness",
                  "duration": 80,
                  "amplifier": 5,
                  "showParticles": true,
                  "showIcon": true
                }
              ],
              "duration": 5,
              "radius": 24.0,
              "color": 10906908,
              "affectsOwner": false,
              "triggerChance": 0.05
            }
          },
          {
            "minLevel": 101,
            "maxLevel": -1,
            "weight": 10,
            "value": {
              "tooltipDisplayName": "Weakness IV",
              "potion": "minecraft:empty",
              "additionalEffects": [
                {
                  "effect": "minecraft:weakness",
                  "duration": 140,
                  "amplifier": 4,
                  "showParticles": true,
                  "showIcon": true
                }
              ],
              "duration": 60,
              "radius": 4.0,
              "color": 10906908,
              "affectsOwner": false,
              "triggerChance": 0.05
            }
          },
          {
            "minLevel": 102,
            "maxLevel": -1,
            "weight": 10,
            "value": {
              "tooltipDisplayName": "Weakness IV+",
              "potion": "minecraft:empty",
              "additionalEffects": [
                {
                  "effect": "minecraft:weakness",
                  "duration": 80,
                  "amplifier": 6,
                  "showParticles": true,
                  "showIcon": true
                }
              ],
              "duration": 5,
              "radius": 24.0,
              "color": 10906908,
              "affectsOwner": false,
              "triggerChance": 0.05
            }
          }
        ]
      },
      { "attribute": "the_vault:reach",
        "group": "ModReach",
        "identifier": "the_vault:mod_reach",
        "tiers": [
          {
            "minLevel": 24,
            "maxLevel": -1,
            "weight": 10,
            "value": {
              "min": 1.0,
              "max": 1.5,
              "step": 0.01
            }
          },
          {
            "minLevel": 46,
            "maxLevel": -1,
            "weight": 10,
            "value": {
              "min": 1.6,
              "max": 2.0,
              "step": 0.01
            }
          },
          {
            "minLevel": 69,
            "maxLevel": -1,
            "weight": 10,
            "value": {
              "min": 2.01,
              "max": 2.5,
              "step": 0.01
            }
          },
          {
            "minLevel": 90,
            "maxLevel": -1,
            "weight": 10,
            "value": {
              "min": 2.51,
              "max": 3.0,
              "step": 0.01
            }
          },
          {
            "minLevel": 101,
            "maxLevel": -1,
            "weight": 10,
            "value": {
              "min": 3.01,
              "max": 4.0,
              "step": 0.01
            }
          },
          {
            "minLevel": 102,
            "maxLevel": -1,
            "weight": 10,
            "value": {
              "min": 4.01,
              "max": 5.0,
              "step": 0.01
            }
          }
        ]
      },
      { "attribute": "the_vault:mana_regen",
        "group": "ModManaRegen",
        "identifier": "the_vault:mod_mana_regen",
        "tiers": [
          {
            "minLevel": 10,
            "maxLevel": -1,
            "weight": 10,
            "value": {
              "min": 0.05,
              "max": 0.12,
              "step": 0.01
            }
          },
          {
            "minLevel": 23,
            "maxLevel": -1,
            "weight": 10,
            "value": {
              "min": 0.13,
              "max": 0.2,
              "step": 0.01
            }
          },
          {
            "minLevel": 34,
            "maxLevel": -1,
            "weight": 10,
            "value": {
              "min": 0.21,
              "max": 0.28,
              "step": 0.01
            }
          },
          {
            "minLevel": 49,
            "maxLevel": -1,
            "weight": 10,
            "value": {
              "min": 0.29,
              "max": 0.36,
              "step": 0.01
            }
          },
          {
            "minLevel": 70,
            "maxLevel": -1,
            "weight": 10,
            "value": {
              "min": 0.37,
              "max": 0.44,
              "step": 0.01
            }
          },
          {
            "minLevel": 90,
            "maxLevel": -1,
            "weight": 10,
            "value": {
              "min": 0.45,
              "max": 0.5,
              "step": 0.01
            }
          },
          {
            "minLevel": 101,
            "maxLevel": -1,
            "weight": 10,
            "value": {
              "min": 0.51,
              "max": 0.62,
              "step": 0.01
            }
          },
          {
            "minLevel": 102,
            "maxLevel": -1,
            "weight": 10,
            "value": {
              "min": 0.63,
              "max": 0.75,
              "step": 0.01
            }
          }
        ]
      },
      { "attribute": "the_vault:durability",
        "group": "ModDurability",
        "identifier": "the_vault:mod_durability",
        "tiers": [
          {
            "minLevel": 11,
            "maxLevel": -1,
            "weight": 10,
            "value": {
              "min": 400,
              "max": 800,
              "step": 1
            }
          },
          {
            "minLevel": 28,
            "maxLevel": -1,
            "weight": 10,
            "value": {
              "min": 801,
              "max": 1600,
              "step": 1
            }
          },
          {
            "minLevel": 46,
            "maxLevel": -1,
            "weight": 10,
            "value": {
              "min": 1601,
              "max": 2400,
              "step": 1
            }
          },
          {
            "minLevel": 67,
            "maxLevel": -1,
            "weight": 10,
            "value": {
              "min": 2401,
              "max": 3200,
              "step": 1
            }
          },
          {
            "minLevel": 89,
            "maxLevel": -1,
            "weight": 10,
            "value": {
              "min": 3201,
              "max": 4000,
              "step": 1
            }
          },
          {
            "minLevel": 101,
            "maxLevel": -1,
            "weight": 10,
            "value": {
              "min": 4001,
              "max": 6000,
              "step": 1
            }
          },
          {
            "minLevel": 102,
            "maxLevel": -1,
            "weight": 10,
            "value": {
              "min": 6001,
              "max": 8000,
              "step": 1
            }
          }
        ]
      },
      { "attribute": "the_vault:cooldown_reduction",
        "group": "ModCooldownReduction",
        "identifier": "the_vault:mod_cooldown_reduction",
        "tiers": [
          {
            "minLevel": 20,
            "maxLevel": -1,
            "weight": 10,
            "value": {
              "min": 0.03,
              "max": 0.05,
              "step": 0.01
            }
          },
          {
            "minLevel": 39,
            "maxLevel": -1,
            "weight": 10,
            "value": {
              "min": 0.06,
              "max": 0.08,
              "step": 0.01
            }
          },
          {
            "minLevel": 66,
            "maxLevel": -1,
            "weight": 10,
            "value": {
              "min": 0.09,
              "max": 0.11,
              "step": 0.01
            }
          },
          {
            "minLevel": 80,
            "maxLevel": -1,
            "weight": 10,
            "value": {
              "min": 0.12,
              "max": 0.14,
              "step": 0.01
            }
          },
          {
            "minLevel": 95,
            "maxLevel": -1,
            "weight": 10,
            "value": {
              "min": 0.15,
              "max": 0.16,
              "step": 0.01
            }
          },
          {
            "minLevel": 101,
            "maxLevel": -1,
            "weight": 10,
            "value": {
              "min": 0.17,
              "max": 0.18,
              "step": 0.01
            }
          },
          {
            "minLevel": 102,
            "maxLevel": -1,
            "weight": 10,
            "value": {
              "min": 0.19,
              "max": 0.2,
              "step": 0.01
            }
          }
        ]
      },
      { "attribute": "the_vault:fatal_strike_chance",
        "group": "ModFatalStrikeChance",
        "identifier": "the_vault:mod_fatal_strike_chance",
        "tiers": [
          {
            "minLevel": 13,
            "maxLevel": -1,
            "weight": 10,
            "value": {
              "min": 0.05,
              "max": 0.1,
              "step": 0.01
            }
          },
          {
            "minLevel": 33,
            "maxLevel": -1,
            "weight": 10,
            "value": {
              "min": 0.11,
              "max": 0.15,
              "step": 0.01
            }
          },
          {
            "minLevel": 51,
            "maxLevel": -1,
            "weight": 10,
            "value": {
              "min": 0.16,
              "max": 0.2,
              "step": 0.01
            }
          },
          {
            "minLevel": 72,
            "maxLevel": -1,
            "weight": 10,
            "value": {
              "min": 0.21,
              "max": 0.25,
              "step": 0.01
            }
          },
          {
            "minLevel": 88,
            "maxLevel": -1,
            "weight": 10,
            "value": {
              "min": 0.26,
              "max": 0.3,
              "step": 0.01
            }
          },
          {
            "minLevel": 100,
            "maxLevel": -1,
            "weight": 10,
            "value": {
              "min": 0.31,
              "max": 0.35,
              "step": 0.01
            }
          },
          {
            "minLevel": 101,
            "maxLevel": -1,
            "weight": 10,
            "value": {
              "min": 0.36,
              "max": 0.5,
              "step": 0.01
            }
          },
          {
            "minLevel": 102,
            "maxLevel": -1,
            "weight": 10,
            "value": {
              "min": 0.51,
              "max": 0.7,
              "step": 0.01
            }
          }
          
          
        ]
      },
      { "attribute": "the_vault:trap_disarming",
        "group": "ModTrapDisarming",
        "identifier": "the_vault:mod_trap_disarming",
        "tiers": [
          {
            "minLevel": 18,
            "maxLevel": -1,
            "weight": 10,
            "value": {
              "min": 0.05,
              "max": 0.08,
              "step": 0.01
            }
          },
          {
            "minLevel": 40,
            "maxLevel": -1,
            "weight": 10,
            "value": {
              "min": 0.09,
              "max": 0.12,
              "step": 0.01
            }
          },
          {
            "minLevel": 70,
            "maxLevel": -1,
            "weight": 10,
            "value": {
              "min": 0.13,
              "max": 0.16,
              "step": 0.01
            }
          },
          {
            "minLevel": 92,
            "maxLevel": -1,
            "weight": 10,
            "value": {
              "min": 0.17,
              "max": 0.2,
              "step": 0.01
            }
          },
          {
            "minLevel": 101,
            "maxLevel": -1,
            "weight": 10,
            "value": {
              "min": 0.21,
              "max": 0.22,
              "step": 0.01
            }
          },
          {
            "minLevel": 102,
            "maxLevel": -1,
            "weight": 10,
            "value": {
              "min": 0.23,
              "max": 0.25,
              "step": 0.01
            }
          }
        ]
      },
      { "attribute": "the_vault:soul_chance",
        "group": "ModSoulChance",
        "identifier": "the_vault:mod_soul_chance",
        "tiers": [
          {
            "minLevel": 22,
            "maxLevel": -1,
            "weight": 10,
            "value": {
              "min": 0.5,
              "max": 0.75,
              "step": 0.01
            }
          },
          {
            "minLevel": 44,
            "maxLevel": -1,
            "weight": 10,
            "value": {
              "min": 0.76,
              "max": 1.0,
              "step": 0.01
            }
          },
          {
            "minLevel": 66,
            "maxLevel": -1,
            "weight": 10,
            "value": {
              "min": 1.01,
              "max": 1.5,
              "step": 0.01
            }
          },
          {
            "minLevel": 88,
            "maxLevel": -1,
            "weight": 10,
            "value": {
              "min": 1.51,
              "max": 2.0,
              "step": 0.01
            }
          },
          {
            "minLevel": 101,
            "maxLevel": -1,
            "weight": 10,
            "value": {
              "min": 2.01,
              "max": 3.0,
              "step": 0.01
            }
          },
          {
            "minLevel": 102,
            "maxLevel": -1,
            "weight": 10,
            "value": {
              "min": 3.01,
              "max": 4.0,
              "step": 0.01
            }
          }
          
          
        ]
      }
    ]
  }
}