{
  "modifierGroup": {
    "IMPLICIT": [
      { "attribute": "the_vault:attack_damage",
        "group": "BaseAttackDamage",
        "identifier": "the_vault:base_attack_damage",
        "tiers": [
          {
            "minLevel": 0,
            "maxLevel": 30,
            "weight": 10,
            "value": {
              "min": 8.0,
              "max": 12.0,
              "step": 0.5
            }
          },
          {
            "minLevel": 19,
            "maxLevel": 50,
            "weight": 10,
            "value": {
              "min": 13.0,
              "max": 20.0,
              "step": 0.5
            }
          },
          {
            "minLevel": 41,
            "maxLevel": 80,
            "weight": 10,
            "value": {
              "min": 21.0,
              "max": 30.0,
              "step": 0.5
            }
          },
          {
            "minLevel": 60,
            "maxLevel": -1,
            "weight": 10,
            "value": {
              "min": 31.0,
              "max": 40.0,
              "step": 0.5
            }
          },
          {
            "minLevel": 81,
            "maxLevel": -1,
            "weight": 10,
            "value": {
              "min": 41.0,
              "max": 50.0,
              "step": 0.5
            }
          },
          {
            "minLevel": 99,
            "maxLevel": -1,
            "weight": 10,
            "value": {
              "min": 51.0,
              "max": 60.0,
              "step": 0.5
            }
          }
        ]
      },
      { "attribute": "the_vault:attack_speed",
        "group": "BaseAttackSpeed",
        "identifier": "the_vault:base_attack_speed",
        "tiers": [
          {
            "minLevel": 0,
            "maxLevel": -1,
            "weight": 10,
            "value": {
              "min": -2.4,
              "max": -2.3,
              "step": 0.01
            }
          },
          {
            "minLevel": 50,
            "maxLevel": -1,
            "weight": 10,
            "value": {
              "min": -2.29,
              "max": -2.2,
              "step": 0.01
            }
          }
        ]
      },
      { "attribute": "the_vault:durability",
        "group": "BaseDurability",
        "identifier": "the_vault:base_durability",
        "tiers": [
          {
            "minLevel": 0,
            "maxLevel": 40,
            "weight": 10,
            "value": {
              "min": 1400,
              "max": 2000,
              "step": 1
            }
          },
          {
            "minLevel": 8,
            "maxLevel": 70,
            "weight": 10,
            "value": {
              "min": 2001,
              "max": 2800,
              "step": 1
            }
          },
          {
            "minLevel": 18,
            "maxLevel": -1,
            "weight": 10,
            "value": {
              "min": 2801,
              "max": 3600,
              "step": 1
            }
          },
          {
            "minLevel": 34,
            "maxLevel": -1,
            "weight": 10,
            "value": {
              "min": 3601,
              "max": 4800,
              "step": 1
            }
          },
          {
            "minLevel": 49,
            "maxLevel": -1,
            "weight": 10,
            "value": {
              "min": 4801,
              "max": 6000,
              "step": 1
            }
          }
        ]
      }

    ],
    "PREFIX": [
      { "attribute": "the_vault:attack_damage",
        "group": "ModAttackDamage",
        "identifier": "the_vault:mod_attack_damage",
        "tiers": [
          {
            "minLevel": 0,
            "maxLevel": -1,
            "weight": 10,
            "value": {
              "min": 2.0,
              "max": 6.0,
              "step": 0.5
            }
          },
          {
            "minLevel": 28,
            "maxLevel": -1,
            "weight": 10,
            "value": {
              "min": 7.0,
              "max": 12.0,
              "step": 0.5
            }
          },
          {
            "minLevel": 58,
            "maxLevel": -1,
            "weight": 10,
            "value": {
              "min": 13.0,
              "max": 18.0,
              "step": 0.5
            }
          },
          {
            "minLevel": 79,
            "maxLevel": -1,
            "weight": 10,
            "value": {
              "min": 19.0,
              "max": 24.0,
              "step": 0.5
            }
          },
          {
            "minLevel": 95,
            "maxLevel": -1,
            "weight": 10,
            "value": {
              "min": 25.0,
              "max": 29.0,
              "step": 0.5
            }
          },
          {
            "minLevel": 101,
            "maxLevel": -1,
            "weight": 10,
            "value": {
              "min": 30.0,
              "max": 34.0,
              "step": 0.5
            }
          },
          {
            "minLevel": 102,
            "maxLevel": -1,
            "weight": 10,
            "value": {
              "min": 35.0,
              "max": 39.0,
              "step": 0.5
            }
          }
        ]
      },
      { "attribute": "the_vault:fatal_strike_damage",
        "group": "ModFatalStrikeDamage",
        "identifier": "the_vault:mod_fatal_strike_damage",
        "tiers": [
          {
            "minLevel": 13,
            "maxLevel": -1,
            "weight": 10,
            "value": {
              "min": 0.4,
              "max": 0.6,
              "step": 0.01
            }
          },
          {
            "minLevel": 31,
            "maxLevel": -1,
            "weight": 10,
            "value": {
              "min": 0.61,
              "max": 0.85,
              "step": 0.01
            }
          },
          {
            "minLevel": 49,
            "maxLevel": -1,
            "weight": 10,
            "value": {
              "min": 0.86,
              "max": 1.1,
              "step": 0.01
            }
          },
          {
            "minLevel": 70,
            "maxLevel": -1,
            "weight": 10,
            "value": {
              "min": 1.11,
              "max": 1.35,
              "step": 0.01
            }
          },
          {
            "minLevel": 86,
            "maxLevel": -1,
            "weight": 10,
            "value": {
              "min": 1.36,
              "max": 1.65,
              "step": 0.01
            }
          },
          {
            "minLevel": 96,
            "maxLevel": -1,
            "weight": 10,
            "value": {
              "min": 1.66,
              "max": 2.0,
              "step": 0.01
            }
          },
          {
            "minLevel": 101,
            "maxLevel": -1,
            "weight": 10,
            "value": {
              "min": 2.01,
              "max": 2.25,
              "step": 0.01
            }
          },
          {
            "minLevel": 102,
            "maxLevel": -1,
            "weight": 10,
            "value": {
              "min": 2.26,
              "max": 2.5,
              "step": 0.01
            }
          }
          
        ]
      },
      { "attribute": "the_vault:on_hit_chain",
        "group": "ModOnHitEffect",
        "identifier": "the_vault:mod_on_hit_chain",
        "tiers": [
          {
            "minLevel": 5,
            "maxLevel": -1,
            "weight": 10,
            "value": {
              "min": 1,
              "max": 2,
              "step": 1
            }
          },
          {
            "minLevel": 40,
            "maxLevel": -1,
            "weight": 10,
            "value": {
              "min": 3,
              "max": 4,
              "step": 1
            }
          },
          {
            "minLevel": 98,
            "maxLevel": -1,
            "weight": 10,
            "value": {
              "min": 5,
              "max": 6,
              "step": 1
            }
          },
          {
            "minLevel": 101,
            "maxLevel": -1,
            "weight": 10,
            "value": {
              "min": 7,
              "max": 8,
              "step": 1
            }
          },
          {
            "minLevel": 102,
            "maxLevel": -1,
            "weight": 10,
            "value": {
              "min": 9,
              "max": 9,
              "step": 1
            }
          }
          
          
        ]
      },
      { "attribute": "the_vault:on_hit_stun",
        "group": "ModOnHitEffect",
        "identifier": "the_vault:mod_on_hit_stun",
        "tiers": [
          {
            "minLevel": 0,
            "maxLevel": -1,
            "weight": 10,
            "value": {
              "min": 0.05,
              "max": 0.09,
              "step": 0.01
            }
          },
          {
            "minLevel": 35,
            "maxLevel": -1,
            "weight": 10,
            "value": {
              "min": 0.1,
              "max": 0.15,
              "step": 0.01
            }
          },
          {
            "minLevel": 68,
            "maxLevel": -1,
            "weight": 10,
            "value": {
              "min": 0.16,
              "max": 0.22,
              "step": 0.01
            }
          },
          {
            "minLevel": 92,
            "maxLevel": -1,
            "weight": 10,
            "value": {
              "min": 0.23,
              "max": 0.30,
              "step": 0.01
            }
          },
          {
            "minLevel": 101,
            "maxLevel": -1,
            "weight": 10,
            "value": {
              "min": 0.31,
              "max": 0.4,
              "step": 0.01
            }
          },
          {
            "minLevel": 102,
            "maxLevel": -1,
            "weight": 10,
            "value": {
              "min": 0.41,
              "max": 0.5,
              "step": 0.01
            }
          }
          
          
        ]
      },
      { "attribute": "the_vault:sweeping_hit_chance",
        "group": "ModSweepingHit",
        "identifier": "the_vault:mod_sweeping_hit_chance",
        "tiers": [
          {
            "minLevel": 0,
            "maxLevel": -1,
            "weight": 10,
            "value": {
              "min": 0.5,
              "max": 0.65,
              "step": 0.01
            }
          },
          {
            "minLevel": 26,
            "maxLevel": -1,
            "weight": 10,
            "value": {
              "min": 0.66,
              "max": 0.73,
              "step": 0.01
            }
          },
          {
            "minLevel": 51,
            "maxLevel": -1,
            "weight": 10,
            "value": {
              "min": 0.74,
              "max": 0.8,
              "step": 0.01
            }
          },
          {
            "minLevel": 101,
            "maxLevel": -1,
            "weight": 10,
            "value": {
              "min": 0.81,
              "max": 0.9,
              "step": 0.01
            }
          },
          {
            "minLevel": 102,
            "maxLevel": -1,
            "weight": 10,
            "value": {
              "min": 0.91,
              "max": 1.0,
              "step": 0.01
            }
          }
          
          
        ]
      },
      { "attribute": "the_vault:damage_increase",
        "group": "ModDamageIncrease",
        "identifier": "the_vault:mod_damage_increase",
        "tiers": [
          {
            "minLevel": 6,
            "maxLevel": -1,
            "weight": 10,
            "value": {
              "min": 0.05,
              "max": 0.09,
              "step": 0.01
            }
          },
          {
            "minLevel": 21,
            "maxLevel": -1,
            "weight": 10,
            "value": {
              "min": 0.1,
              "max": 0.14,
              "step": 0.01
            }
          },
          {
            "minLevel": 44,
            "maxLevel": -1,
            "weight": 10,
            "value": {
              "min": 0.15,
              "max": 0.21,
              "step": 0.01
            }
          },
          {
            "minLevel": 73,
            "maxLevel": -1,
            "weight": 10,
            "value": {
              "min": 0.22,
              "max": 0.28,
              "step": 0.01
            }
          },
          {
            "minLevel": 90,
            "maxLevel": -1,
            "weight": 10,
            "value": {
              "min": 0.29,
              "max": 0.35,
              "step": 0.01
            }
          },
          {
            "minLevel": 101,
            "maxLevel": -1,
            "weight": 10,
            "value": {
              "min": 0.36,
              "max": 0.42,
              "step": 0.01
            }
          },
          {
            "minLevel": 102,
            "maxLevel": -1,
            "weight": 10,
            "value": {
              "min": 0.43,
              "max": 0.5,
              "step": 0.01
            }
          }
          
          
        ]
      },
      { "attribute": "the_vault:damage_illagers",
        "group": "ModTypedDamageIncrease",
        "identifier": "the_vault:mod_damage_illagers",
        "tiers": [
          {
            "minLevel": 0,
            "maxLevel": -1,
            "weight": 10,
            "value": {
              "min": 0.1,
              "max": 0.15,
              "step": 0.01
            }
          },
          {
            "minLevel": 18,
            "maxLevel": -1,
            "weight": 10,
            "value": {
              "min": 0.16,
              "max": 0.22,
              "step": 0.01
            }
          },
          {
            "minLevel": 36,
            "maxLevel": -1,
            "weight": 10,
            "value": {
              "min": 0.23,
              "max": 0.3,
              "step": 0.01
            }
          },
          {
            "minLevel": 52,
            "maxLevel": -1,
            "weight": 10,
            "value": {
              "min": 0.31,
              "max": 0.38,
              "step": 0.01
            }
          },
          {
            "minLevel": 80,
            "maxLevel": -1,
            "weight": 10,
            "value": {
              "min": 0.39,
              "max": 0.45,
              "step": 0.01
            }
          },
          {
            "minLevel": 101,
            "maxLevel": -1,
            "weight": 10,
            "value": {
              "min": 0.46,
              "max": 0.5,
              "step": 0.01
            }
          },
          {
            "minLevel": 102,
            "maxLevel": -1,
            "weight": 10,
            "value": {
              "min": 0.51,
              "max": 0.55,
              "step": 0.01
            }
          }
          
          
        ]
      },
      { "attribute": "the_vault:damage_spiders",
        "group": "ModTypedDamageIncrease",
        "identifier": "the_vault:mod_damage_spiders",
        "tiers": [
          {
            "minLevel": 0,
            "maxLevel": -1,
            "weight": 10,
            "value": {
              "min": 0.1,
              "max": 0.15,
              "step": 0.01
            }
          },
          {
            "minLevel": 18,
            "maxLevel": -1,
            "weight": 10,
            "value": {
              "min": 0.16,
              "max": 0.22,
              "step": 0.01
            }
          },
          {
            "minLevel": 36,
            "maxLevel": -1,
            "weight": 10,
            "value": {
              "min": 0.23,
              "max": 0.3,
              "step": 0.01
            }
          },
          {
            "minLevel": 52,
            "maxLevel": -1,
            "weight": 10,
            "value": {
              "min": 0.31,
              "max": 0.38,
              "step": 0.01
            }
          },
          {
            "minLevel": 80,
            "maxLevel": -1,
            "weight": 10,
            "value": {
              "min": 0.39,
              "max": 0.45,
              "step": 0.01
            }
          },
          {
            "minLevel": 101,
            "maxLevel": -1,
            "weight": 10,
            "value": {
              "min": 0.46,
              "max": 0.5,
              "step": 0.01
            }
          },
          {
            "minLevel": 102,
            "maxLevel": -1,
            "weight": 10,
            "value": {
              "min": 0.51,
              "max": 0.55,
              "step": 0.01
            }
          }
          
          
        ]
      },
      { "attribute": "the_vault:damage_undead",
        "group": "ModTypedDamageIncrease",
        "identifier": "the_vault:mod_damage_undead",
        "tiers": [
          {
            "minLevel": 0,
            "maxLevel": -1,
            "weight": 10,
            "value": {
              "min": 0.1,
              "max": 0.15,
              "step": 0.01
            }
          },
          {
            "minLevel": 18,
            "maxLevel": -1,
            "weight": 10,
            "value": {
              "min": 0.16,
              "max": 0.22,
              "step": 0.01
            }
          },
          {
            "minLevel": 36,
            "maxLevel": -1,
            "weight": 10,
            "value": {
              "min": 0.23,
              "max": 0.3,
              "step": 0.01
            }
          },
          {
            "minLevel": 52,
            "maxLevel": -1,
            "weight": 10,
            "value": {
              "min": 0.31,
              "max": 0.38,
              "step": 0.01
            }
          },
          {
            "minLevel": 80,
            "maxLevel": -1,
            "weight": 10,
            "value": {
              "min": 0.39,
              "max": 0.45,
              "step": 0.01
            }
          },
          {
            "minLevel": 101,
            "maxLevel": -1,
            "weight": 10,
            "value": {
              "min": 0.46,
              "max": 0.5,
              "step": 0.01
            }
          },
          {
            "minLevel": 102,
            "maxLevel": -1,
            "weight": 10,
            "value": {
              "min": 0.51,
              "max": 0.55,
              "step": 0.01
            }
          }
          
          
        ]
      }
    ],
    "SUFFIX": [
      { "attribute": "the_vault:durability",
        "group": "ModDurability",
        "identifier": "the_vault:mod_durability",
        "tiers": [
          {
            "minLevel": 11,
            "maxLevel": -1,
            "weight": 10,
            "value": {
              "min": 500,
              "max": 900,
              "step": 1
            }
          },
          {
            "minLevel": 28,
            "maxLevel": -1,
            "weight": 10,
            "value": {
              "min": 901,
              "max": 1300,
              "step": 1
            }
          },
          {
            "minLevel": 46,
            "maxLevel": -1,
            "weight": 10,
            "value": {
              "min": 1301,
              "max": 1700,
              "step": 1
            }
          },
          {
            "minLevel": 67,
            "maxLevel": -1,
            "weight": 10,
            "value": {
              "min": 1701,
              "max": 2100,
              "step": 1
            }
          },
          {
            "minLevel": 89,
            "maxLevel": -1,
            "weight": 10,
            "value": {
              "min": 2101,
              "max": 2500,
              "step": 1
            }
          },
          {
            "minLevel": 101,
            "maxLevel": -1,
            "weight": 10,
            "value": {
              "min": 2501,
              "max": 3700,
              "step": 1
            }
          },
          {
            "minLevel": 102,
            "maxLevel": -1,
            "weight": 10,
            "value": {
              "min": 3701,
              "max": 5000,
              "step": 1
            }
          }
        ]
      },
      { "attribute": "the_vault:soulbound",
        "group": "ModSoulbound",
        "identifier": "the_vault:mod_soulbound",
        "tiers": [
          {
            "minLevel": 0,
            "maxLevel": -1,
            "weight": 10,
            "value": {
              "flag": true
            }
          }
        ]
      },
      { "attribute": "the_vault:effect_cloud",
        "group": "ModEffectCloud",
        "identifier": "the_vault:mod_healing_cloud",
        "tiers": [
          {
            "minLevel": 0,
            "maxLevel": -1,
            "weight": 4,
            "value": {
              "tooltipDisplayName": "Healing",
              "potion": "minecraft:empty",
              "additionalEffects": [
                {
                  "effect": "minecraft:instant_health",
                  "duration": 20,
                  "amplifier": 0,
                  "showParticles": true,
                  "showIcon": true
                }
              ],
              "duration": 40,
              "radius": 3.0,
              "color": -65536,
              "affectsOwner": true,
              "triggerChance": 0.02
            }
          },
          {
            "minLevel": 6,
            "maxLevel": -1,
            "weight": 4,
            "value": {
              "tooltipDisplayName": "Healing+",
              "potion": "minecraft:empty",
              "additionalEffects": [
                {
                  "effect": "minecraft:instant_health",
                  "duration": 20,
                  "amplifier": 2,
                  "showParticles": true,
                  "showIcon": true
                }
              ],
              "duration": 5,
              "radius": 24.0,
              "color": -65536,
              "affectsOwner": true,
              "triggerChance": 0.02
            }
          },
          {
            "minLevel": 32,
            "maxLevel": -1,
            "weight": 4,
            "value": {
              "tooltipDisplayName": "Healing II",
              "potion": "minecraft:empty",
              "additionalEffects": [
                {
                  "effect": "minecraft:instant_health",
                  "duration": 20,
                  "amplifier": 1,
                  "showParticles": true,
                  "showIcon": true
                }
              ],
              "duration": 40,
              "radius": 3.0,
              "color": -65536,
              "affectsOwner": true,
              "triggerChance": 0.02
            }
          },
          {
            "minLevel": 38,
            "maxLevel": -1,
            "weight": 4,
            "value": {
              "tooltipDisplayName": "Healing II+",
              "potion": "minecraft:empty",
              "additionalEffects": [
                {
                  "effect": "minecraft:instant_health",
                  "duration": 20,
                  "amplifier": 3,
                  "showParticles": true,
                  "showIcon": true
                }
              ],
              "duration": 5,
              "radius": 24.0,
              "color": -65536,
              "affectsOwner": true,
              "triggerChance": 0.02
            }
          },
          {
            "minLevel": 64,
            "maxLevel": -1,
            "weight": 4,
            "value": {
              "tooltipDisplayName": "Healing III",
              "potion": "minecraft:empty",
              "additionalEffects": [
                {
                  "effect": "minecraft:instant_health",
                  "duration": 20,
                  "amplifier": 2,
                  "showParticles": true,
                  "showIcon": true
                }
              ],
              "duration": 40,
              "radius": 3.0,
              "color": -65536,
              "affectsOwner": true,
              "triggerChance": 0.02
            }
          },
          {
            "minLevel": 72,
            "maxLevel": -1,
            "weight": 4,
            "value": {
              "tooltipDisplayName": "Healing III+",
              "potion": "minecraft:empty",
              "additionalEffects": [
                {
                  "effect": "minecraft:instant_health",
                  "duration": 20,
                  "amplifier": 4,
                  "showParticles": true,
                  "showIcon": true
                }
              ],
              "duration": 5,
              "radius": 24.0,
              "color": -65536,
              "affectsOwner": true,
              "triggerChance": 0.02
            }
          },
          {
            "minLevel": 101,
            "maxLevel": -1,
            "weight": 4,
            "value": {
              "tooltipDisplayName": "Healing IV",
              "potion": "minecraft:empty",
              "additionalEffects": [
                {
                  "effect": "minecraft:instant_health",
                  "duration": 20,
                  "amplifier": 3,
                  "showParticles": true,
                  "showIcon": true
                }
              ],
              "duration": 40,
              "radius": 3.0,
              "color": -65536,
              "affectsOwner": true,
              "triggerChance": 0.02
            }
          },
          {
            "minLevel": 102,
            "maxLevel": -1,
            "weight": 4,
            "value": {
              "tooltipDisplayName": "Healing IV+",
              "potion": "minecraft:empty",
              "additionalEffects": [
                {
                  "effect": "minecraft:instant_health",
                  "duration": 20,
                  "amplifier": 4,
                  "showParticles": true,
                  "showIcon": true
                }
              ],
              "duration": 5,
              "radius": 24.0,
              "color": -65536,
              "affectsOwner": true,
              "triggerChance": 0.05
            }
          }
        ]
      },
      { "attribute": "the_vault:effect_cloud",
        "group": "ModEffectCloud",
        "identifier": "the_vault:mod_poison_cloud",
        "tiers": [
          {
            "minLevel": 0,
            "maxLevel": -1,
            "weight": 10,
            "value": {
              "tooltipDisplayName": "Poison",
              "potion": "minecraft:empty",
              "additionalEffects": [
                {
                  "effect": "minecraft:poison",
                  "duration": 60,
                  "amplifier": 1,
                  "showParticles": true,
                  "showIcon": true
                }
              ],
              "duration": 60,
              "radius": 4.0,
              "color": 4236591,
              "affectsOwner": false,
              "triggerChance": 0.05
            }
          },
          {
            "minLevel": 6,
            "maxLevel": -1,
            "weight": 10,
            "value": {
              "tooltipDisplayName": "Poison+",
              "potion": "minecraft:empty",
              "additionalEffects": [
                {
                  "effect": "minecraft:poison",
                  "duration": 20,
                  "amplifier": 2,
                  "showParticles": true,
                  "showIcon": true
                }
              ],
              "duration": 5,
              "radius": 24.0,
              "color": 4236591,
              "affectsOwner": false,
              "triggerChance": 0.05
            }
          },
          {
            "minLevel": 32,
            "maxLevel": -1,
            "weight": 10,
            "value": {
              "tooltipDisplayName": "Poison II",
              "potion": "minecraft:empty",
              "additionalEffects": [
                {
                  "effect": "minecraft:poison",
                  "duration": 60,
                  "amplifier": 2,
                  "showParticles": true,
                  "showIcon": true
                }
              ],
              "duration": 60,
              "radius": 4.0,
              "color": 4236591,
              "affectsOwner": false,
              "triggerChance": 0.05
            }
          },
          {
            "minLevel": 38,
            "maxLevel": -1,
            "weight": 10,
            "value": {
              "tooltipDisplayName": "Poison II+",
              "potion": "minecraft:empty",
              "additionalEffects": [
                {
                  "effect": "minecraft:poison",
                  "duration": 20,
                  "amplifier": 4,
                  "showParticles": true,
                  "showIcon": true
                }
              ],
              "duration": 5,
              "radius": 24.0,
              "color": 4236591,
              "affectsOwner": false,
              "triggerChance": 0.05
            }
          },
          {
            "minLevel": 64,
            "maxLevel": -1,
            "weight": 10,
            "value": {
              "tooltipDisplayName": "Poison III",
              "potion": "minecraft:empty",
              "additionalEffects": [
                {
                  "effect": "minecraft:poison",
                  "duration": 60,
                  "amplifier": 3,
                  "showParticles": true,
                  "showIcon": true
                }
              ],
              "duration": 60,
              "radius": 4.0,
              "color": 4236591,
              "affectsOwner": false,
              "triggerChance": 0.05
            }
          },
          {
            "minLevel": 72,
            "maxLevel": -1,
            "weight": 10,
            "value": {
              "tooltipDisplayName": "Poison III+",
              "potion": "minecraft:empty",
              "additionalEffects": [
                {
                  "effect": "minecraft:poison",
                  "duration": 20,
                  "amplifier": 5,
                  "showParticles": true,
                  "showIcon": true
                }
              ],
              "duration": 5,
              "radius": 24.0,
              "color": 4236591,
              "affectsOwner": false,
              "triggerChance": 0.05
            }
          },
          {
            "minLevel": 101,
            "maxLevel": -1,
            "weight": 10,
            "value": {
              "tooltipDisplayName": "Poison IV",
              "potion": "minecraft:empty",
              "additionalEffects": [
                {
                  "effect": "minecraft:poison",
                  "duration": 60,
                  "amplifier": 4,
                  "showParticles": true,
                  "showIcon": true
                }
              ],
              "duration": 60,
              "radius": 4.0,
              "color": 4236591,
              "affectsOwner": false,
              "triggerChance": 0.05
            }
          },
          {
            "minLevel": 102,
            "maxLevel": -1,
            "weight": 10,
            "value": {
              "tooltipDisplayName": "Poison IV+",
              "potion": "minecraft:empty",
              "additionalEffects": [
                {
                  "effect": "minecraft:poison",
                  "duration": 20,
                  "amplifier": 6,
                  "showParticles": true,
                  "showIcon": true
                }
              ],
              "duration": 5,
              "radius": 24.0,
              "color": 4236591,
              "affectsOwner": false,
              "triggerChance": 0.05
            }
          }
        ]
      },
      { "attribute": "the_vault:fatal_strike_chance",
        "group": "ModFatalStrikeChance",
        "identifier": "the_vault:mod_fatal_strike_chance",
        "tiers": [
          {
            "minLevel": 13,
            "maxLevel": -1,
            "weight": 10,
            "value": {
              "min": 0.05,
              "max": 0.1,
              "step": 0.01
            }
          },
          {
            "minLevel": 33,
            "maxLevel": -1,
            "weight": 10,
            "value": {
              "min": 0.11,
              "max": 0.15,
              "step": 0.01
            }
          },
          {
            "minLevel": 51,
            "maxLevel": -1,
            "weight": 10,
            "value": {
              "min": 0.16,
              "max": 0.2,
              "step": 0.01
            }
          },
          {
            "minLevel": 72,
            "maxLevel": -1,
            "weight": 10,
            "value": {
              "min": 0.21,
              "max": 0.25,
              "step": 0.01
            }
          },
          {
            "minLevel": 88,
            "maxLevel": -1,
            "weight": 10,
            "value": {
              "min": 0.26,
              "max": 0.3,
              "step": 0.01
            }
          },
          {
            "minLevel": 100,
            "maxLevel": -1,
            "weight": 10,
            "value": {
              "min": 0.31,
              "max": 0.35,
              "step": 0.01
            }
          },
          {
            "minLevel": 101,
            "maxLevel": -1,
            "weight": 10,
            "value": {
              "min": 0.36,
              "max": 0.5,
              "step": 0.01
            }
          },
          {
            "minLevel": 102,
            "maxLevel": -1,
            "weight": 10,
            "value": {
              "min": 0.51,
              "max": 0.7,
              "step": 0.01
            }
          }
          
          
        ]
      },
      { "attribute": "the_vault:soul_chance",
        "group": "ModSoulChance",
        "identifier": "the_vault:mod_soul_chance",
        "tiers": [
          {
            "minLevel": 22,
            "maxLevel": -1,
            "weight": 10,
            "value": {
              "min": 0.5,
              "max": 0.75,
              "step": 0.01
            }
          },
          {
            "minLevel": 44,
            "maxLevel": -1,
            "weight": 10,
            "value": {
              "min": 0.76,
              "max": 1.0,
              "step": 0.01
            }
          },
          {
            "minLevel": 66,
            "maxLevel": -1,
            "weight": 10,
            "value": {
              "min": 1.01,
              "max": 1.5,
              "step": 0.01
            }
          },
          {
            "minLevel": 88,
            "maxLevel": -1,
            "weight": 10,
            "value": {
              "min": 1.51,
              "max": 2.0,
              "step": 0.01
            }
          },
          {
            "minLevel": 101,
            "maxLevel": -1,
            "weight": 10,
            "value": {
              "min": 2.01,
              "max": 3.0,
              "step": 0.01
            }
          },
          {
            "minLevel": 102,
            "maxLevel": -1,
            "weight": 10,
            "value": {
              "min": 3.01,
              "max": 4.0,
              "step": 0.01
            }
          }
          
          
        ]
      },
      { "attribute": "the_vault:attack_speed_percent",
        "group": "ModAttackSpeedPercent",
        "identifier": "the_vault:mod_attack_speed_percent",
        "tiers": [
          {
            "minLevel": 0,
            "maxLevel": -1,
            "weight": 10,
            "value": {
              "min": 0.05,
              "max": 0.1,
              "step": 0.01
            }
          },
          {
            "minLevel": 36,
            "maxLevel": -1,
            "weight": 10,
            "value": {
              "min": 0.11,
              "max": 0.15,
              "step": 0.01
            }
          },
          {
            "minLevel": 65,
            "maxLevel": -1,
            "weight": 10,
            "value": {
              "min": 0.16,
              "max": 0.2,
              "step": 0.01
            }
          },
          {
            "minLevel": 96,
            "maxLevel": -1,
            "weight": 10,
            "value": {
              "min": 0.21,
              "max": 0.25,
              "step": 0.01
            }
          },
          {
            "minLevel": 101,
            "maxLevel": -1,
            "weight": 10,
            "value": {
              "min": 0.26,
              "max": 0.3,
              "step": 0.01
            }
          },
          {
            "minLevel": 102,
            "maxLevel": -1,
            "weight": 10,
            "value": {
              "min": 0.31,
              "max": 0.35,
              "step": 0.01
            }
          }
          
          
        ]
      }
    ]
  }
}