{
  "__comment": "Instructions: https://mods.blakebr0.com/docs/cucumber/tags-config",
  "forge:ingots/constantan": "null",
  "forge:ingots/tungsten": "null",
  "forge:ingots/tin": "mekanism:ingot_tin",
  "forge:gems/sapphire": "null",
  "forge:ingots/bronze": "mekanism:ingot_bronze",
  "forge:ingots/copper": "cavesandcliffs:copper_ingot",
  "forge:ingots/electrum": "null",
  "forge:silicon": "refinedstorage:silicon",
  "forge:gems/apatite": "null",
  "forge:ingots/silver": "null",
  "forge:dusts/saltpeter": "null",
  "forge:ingots/steel": "mekanism:ingot_steel",
  "forge:ingots/platinum": "null",
  "forge:ingots/lead": "mekanism:ingot_lead",
  "forge:ingots/graphite": "null",
  "forge:ingots/uranium": "mekanism:ingot_uranium",
  "forge:ingots/aluminum": "null",
  "forge:ingots/mithril": "null",
  "forge:ingots/iridium": "null",
  "forge:ingots/zinc": "create:zinc_ingot",
  "forge:ingots/invar": "null",
  "forge:gems/ruby": "null",
  "forge:dusts/niter": "null",
  "forge:ingots/chrome": "null",
  "forge:ingots/brass": "create:brass_ingot",
  "forge:ingots/titanium": "null",
  "forge:rubber": "null",
  "forge:dusts/sulfur": "mekanism:dust_sulfur",
  "forge:ingots/nickel": "null"
}