{
  "keys": [
    {
      "id": "the_vault:rune_pool_0",
      "1.0": "config/the_vault/gen/1.0/loot_pools/rune_0.json",
      "name": "Rune Level 0"
    },
    {
      "id": "the_vault:rune_pool_treasure_0",
      "1.0": "config/the_vault/gen/1.0/loot_pools/rune_treasure_0.json",
      "name": "Rune Level 0"
    },
    {
      "id": "the_vault:jewel_pool_treasure_0",
      "1.0": "config/the_vault/gen/1.0/loot_pools/jewels_treasure_0.json",
      "name": "Rune Level 0"
    }
  ]
}