{
  "entries": [
    {
      "roll": {
        "type": "uniform",
        "min": 5,
        "max": 9
      },
      "pool": [
        { "weight": 70,
          "pool": [
            {
                "weight": 16,
                "item": {
                "id": "minecraft:rotten_flesh",
                "count": {
                  "type": "uniform",
                  "min": 1,
                  "max": 3
                  }
                }
            },
            {
              "weight": 16,
              "item": {
              "id": "minecraft:bone",
              "count": {
                "type": "uniform",
                "min": 1,
                "max": 1
                }
              }
            },
            {
              "weight": 16,
              "item": {
              "id": "minecraft:string",
              "count": {
                "type": "uniform",
                "min": 1,
                "max": 3
                }
              }
            },
            {
              "weight": 10,
              "item": {
              "id": "minecraft:egg",
              "count": {
                "type": "uniform",
                "min": 1,
                "max": 1
                }
              }
            },
            {
              "weight": 10,
              "item": {
              "id": "minecraft:feather",
              "count": {
                "type": "uniform",
                "min": 1,
                "max": 1
                }
              }
            },
            {
              "weight": 8,
              "item": {
              "id": "minecraft:mushroom_stew",
              "count": {
                "type": "uniform",
                "min": 1,
                "max": 1
                }
              }
            },
            {
              "weight": 12,
              "item": {
              "id": "the_vault:knowledge_star_essence",
              "count": {
                "type": "uniform",
                "min": 1,
                "max": 4
                }
              }
            },
            {
              "weight": 12,
              "item": {
              "id": "the_vault:vault_meat",
              "count": {
                "type": "uniform",
                "min": 1,
                "max": 2
                }
              }
            },
            {
              "weight": 12,
              "item": {
              "id": "the_vault:burger_patty",
              "count": {
                "type": "uniform",
                "min": 1,
                "max": 1
                }
              }
            },
            {
              "weight": 12,
              "item": {
              "id": "the_vault:burger_bun",
              "count": {
                "type": "uniform",
                "min": 1,
                "max": 1
                }
              }
            },
            {
              "weight": 4,
              "item": {
              "id": "the_vault:vault_apple",
              "count": {
                "type": "uniform",
                "min": 1,
                "max": 1
                }
              }
            }
            
            
          ]
        },
        { "weight": 20,
          "pool": [
            {
              "weight": 16,
              "item": {
                "id": "the_vault:burger_cheese",
                "count": {
                  "type": "uniform",
                  "min": 1,
                  "max": 1
                  }
              }
            },
            
            {
              "weight": 12,
              "item": {
                "id": "minecraft:potion",
                "nbt": "{Potion:\"minecraft:healing\"}",
                "count": {
                  "type": "uniform",
                  "min": 1,
                  "max": 1
                  }
              }
            },
            {
              "weight": 12,
              "item": {
                "id": "architects_palette:withered_bone",
                "count": {
                  "type": "uniform",
                  "min": 1,
                  "max": 1
                  }
              }
            },
            {
              "weight": 16,
              "item": {
                "id": "minecraft:golden_carrot",
                "count": {
                  "type": "uniform",
                  "min": 1,
                  "max": 1
                  }
              }
            }
          ]
        },
        { "weight": 8,
          "pool": [
            {
                "weight": 10,
                "item": {
                  "id": "the_vault:eternal_soul",
                  "count": {
                    "type": "uniform",
                    "min": 1,
                    "max": 1
                    }
                }
            },
            {
              "weight": 6,
              "item": {
                "id": "the_vault:sweet_kiwi",
                "count": {
                  "type": "uniform",
                  "min": 1,
                  "max": 1
                  }
              }
            },
            {
              "weight": 8,
              "item": {
                "id": "the_vault:hunter_eye",
                "count": {
                  "type": "uniform",
                  "min": 1,
                  "max": 1
                  }
              }
            },
            {
              "weight": 8,
              "item": {
                "id": "the_vault:poisonous_mushroom",
                "count": {
                  "type": "uniform",
                  "min": 1,
                  "max": 1
                  }
              }
            }
          ]
        },
        { "weight": 2,
          "pool": [
            {
              "weight": 2,
              "item": {
                "id": "the_vault:mystery_egg",
                "count": {
                  "type": "uniform",
                  "min": 1,
                  "max": 1
                  }
              }
            },
            {
              "weight": 10,
              "item": {
                "id": "minecraft:phantom_membrane",
                "count": {
                  "type": "uniform",
                  "min": 1,
                  "max": 1
                  }
              }
            },
            {
              "weight": 10,
              "item": {
                "id": "minecraft:shulker_shell",
                "count": {
                  "type": "uniform",
                  "min": 1,
                  "max": 1
                  }
              }
            },
            {
              "weight": 1,
              "item": {
                "id": "the_vault:living_chest_scroll",
                "count": {
                  "type": "uniform",
                  "min": 1,
                  "max": 1
                  }
              }
            }
          ]
        }
      ]
    }
  ]
}