{
    "entries": [
      {
        "roll": {
          "type": "uniform",
          "min": 10,
          "max": 14
        },
        "pool": [
          { "weight": 70,
            "pool": [
              {
                  "weight": 10,
                  "item": {
                  "id": "minecraft:golden_carrot",
                  "count": {
                    "type": "uniform",
                    "min": 1,
                    "max": 1
                    }
                  }
              },
              {
                  "weight": 16,
                  "item": {
                  "id": "minecraft:egg",
                  "count": {
                    "type": "uniform",
                    "min": 1,
                    "max": 1
                    }
                  }
              },
              {
                "weight": 16,
                "item": {
                "id": "architects_palette:withered_bone",
                "count": {
                  "type": "uniform",
                  "min": 1,
                  "max": 2
                  }
                }
              },
              {
                "weight": 16,
                "item": {
                  "id": "architects_palette:algal_brick",
                  "count": {
                    "type": "uniform",
                    "min": 1,
                    "max": 2
                    }
                }
              },
              {
                "weight": 16,
                "item": {
                  "id": "architects_palette:algal_blend",
                  "count": {
                    "type": "uniform",
                    "min": 1,
                    "max": 2
                    }
                }
              },
              {
                "weight": 8,
                "item": {
                  "id": "the_vault:knowledge_star_essence",
                  "count": {
                    "type": "uniform",
                    "min": 1,
                    "max": 1
                    }
                }
              },
              {
                "weight": 12,
                "item": {
                  "id": "the_vault:vault_meat",
                  "count": {
                    "type": "uniform",
                    "min": 1,
                    "max": 1
                    }
                }
            },
            {
                "weight": 10,
                "item": {
                  "id": "the_vault:burger_bun",
                  "count": {
                    "type": "uniform",
                    "min": 1,
                    "max": 1
                    }
                }
              },
              {
                "weight": 10,
                "item": {
                  "id": "the_vault:burger_patty",
                  "count": {
                    "type": "uniform",
                    "min": 1,
                    "max": 1
                    }
                }
              },
              {
                "weight": 6,
                "item": {
                  "id": "the_vault:burger_cheese",
                  "count": {
                    "type": "uniform",
                    "min": 1,
                    "max": 1
                    }
                }
              }
            ]
          },
          { "weight": 20,
          "pool": [
            {
              "weight": 4,
              "item": {
                "id": "the_vault:empty_flask",
                "count": {
                  "type": "uniform",
                  "min": 1,
                  "max": 1
                  }
              }
            },
            {
              "weight": 12,
              "item": {
                "id": "the_vault:vault_apple",
                "count": {
                  "type": "uniform",
                  "min": 1,
                  "max": 1
                  }
              }
            },
            {
              "weight": 6,
              "item": {
                "id": "the_vault:poisonous_mushroom",
                "count": {
                  "type": "uniform",
                  "min": 1,
                  "max": 1
                  }
              }
            },
            {
              "weight": 6,
              "item": {
                "id": "the_vault:burger_tomato",
                "count": {
                  "type": "uniform",
                  "min": 1,
                  "max": 1
                  }
              }
            },
            {
                "weight": 8,
                "item": {
                  "id": "the_vault:skill_essence",
                  "count": {
                    "type": "uniform",
                    "min": 1,
                    "max": 1
                    }
                }
              },
              {
                "weight": 6,
                "item": {
                  "id": "the_vault:burger_letuce",
                  "count": {
                    "type": "uniform",
                    "min": 1,
                    "max": 1
                    }
                }
              }
          ]
        },
          { "weight": 8,
            "pool": [
              {
                "weight": 8,
                "item": {
                  "id": "the_vault:eternal_soul",
                  "count": {
                    "type": "uniform",
                    "min": 1,
                    "max": 1
                    }
                }
              },
              {
                "weight": 4,
                "item": {
                  "id": "the_vault:sweet_kiwi",
                  "count": {
                    "type": "uniform",
                    "min": 1,
                    "max": 1
                    }
                }
              },
              {
                "weight": 2,
                "item": {
                  "id": "the_vault:hunter_eye",
                  "count": {
                    "type": "uniform",
                    "min": 1,
                    "max": 1
                    }
                }
              },
              {
                "weight": 8,
                "item": {
                  "id": "the_vault:cooked_vault_steak",
                  "count": {
                    "type": "uniform",
                    "min": 1,
                    "max": 2
                    }
                }
              },
              {
                "weight": 8,
                "item": {
                  "id": "the_vault:knowledge_star_essence",
                  "count": {
                    "type": "uniform",
                    "min": 1,
                    "max": 2
                    }
                }
              },
              {
                "weight": 8,
                "item": {
                  "id": "the_vault:skill_essence",
                  "count": {
                    "type": "uniform",
                    "min": 2,
                    "max": 2
                    }
                }
              }
          ]
          },
          { "weight": 2,
            "pool": [
              {
                  "weight": 10,
                  "item": {
                    "id": "the_vault:knowledge_star_essence",
                    "count": {
                      "type": "uniform",
                      "min": 2,
                      "max": 3
                      }
                  }
              },
              {
                "weight": 2,
                "item": {
                  "id": "the_vault:living_chest_scroll",
                  "count": {
                    "type": "uniform",
                    "min": 1,
                    "max": 1
                    }
                }
              },
              {
                "weight": 4,
                "item": {
                  "id": "the_vault:mystery_egg",
                  "count": {
                    "type": "uniform",
                    "min": 1,
                    "max": 1
                    }
                }
              },
              {
                "weight": 4,
                "item": {
                  "id": "the_vault:hearty_apple",
                  "count": {
                    "type": "uniform",
                    "min": 1,
                    "max": 1
                    }
                }
              }
            ]
          }
        ]
      }
    ]
  }