{
  "entries": [
    {
      "roll": {
        "type": "uniform",
        "min": 7,
        "max": 9
      },
      "pool": [
        { "weight": 70,
          "pool": [
            {
                "weight": 16,
                "item": {
                "id": "minecraft:chain",
                "count": {
                  "type": "uniform",
                  "min": 1,
                  "max": 2
                  }
                }
            },
            {
                "weight": 12,
                "item": {
                "id": "architects_palette:sunmetal_brick",
                "count": {
                  "type": "uniform",
                  "min": 1,
                  "max": 2
                  }
                }
            },
            {
              "weight": 16,
              "item": {
              "id": "minecraft:iron_nugget",
              "count": {
                "type": "uniform",
                "min": 2,
                "max": 4
                }
              }
            },
            {
              "weight": 10,
              "item": {
                "id": "minecraft:iron_ingot",
                "count": {
                  "type": "uniform",
                  "min": 1,
                  "max": 2
                  }
              }
            },
            {
              "weight": 10,
              "item": {
                "id": "the_vault:chromatic_iron_nugget",
                "count": {
                  "type": "uniform",
                  "min": 1,
                  "max": 3
                  }
              }
            },
            {
              "weight": 12,
              "item": {
                "id": "the_vault:carbon_nugget",
                "count": {
                  "type": "uniform",
                  "min": 1,
                  "max": 4
                  }
              }
            }
          ]
        },
        { "weight": 20,
        "pool": [
          {
            "weight": 16,
            "item": {
              "id": "the_vault:chromatic_iron_ingot",
              "count": {
                "type": "uniform",
                "min": 1,
                "max": 2
                }
            }
          },
          {
            "weight": 16,
            "item": {
              "id": "the_vault:magnetite",
              "count": {
                "type": "uniform",
                "min": 1,
                "max": 2
                }
            }
          },
          {
            "weight": 16,
            "item": {
              "id": "the_vault:vault_plating",
              "count": {
                "type": "uniform",
                "min": 1,
                "max": 2
                }
            }
          },
          {
            "weight": 6,
            "item": {
              "id": "the_vault:vault_dust",
              "count": {
                "type": "uniform",
                "min": 2,
                "max": 8
                }
            }
          },
          {
            "weight": 6,
            "item": {
              "id": "the_vault:chromatic_steel_nugget",
              "count": {
                "type": "uniform",
                "min": 1,
                "max": 2
                }
            }
          }
        ]
      },
        { "weight": 8,
          "pool": [
            {
              "weight": 6,
              "item": {
                "id": "the_vault:vault_dust",
                "count": {
                  "type": "uniform",
                  "min": 4,
                  "max": 16
                  }
              }
          },
          {
            "weight": 10,
            "item": {
              "id": "minecraft:netherite_scrap",
              "count": {
                "type": "uniform",
                "min": 1,
                "max": 1
                }
            }
          },
          {
            "weight": 10,
            "item": {
              "id": "the_vault:vault_nugget",
              "count": {
                "type": "uniform",
                "min": 1,
                "max": 3
                }
            }
          },
          {
            "weight": 12,
            "item": {
              "id": "the_vault:wild_focus",
              "count": {
                "type": "uniform",
                "min": 1,
                "max": 1
                }
            }
          }
        ]
        },
        { "weight": 2,
          "pool": [
            {
                "weight": 64,
                "item": {
                  "id": "minecraft:netherite_ingot",
                  "count": {
                    "type": "uniform",
                    "min": 1,
                    "max": 1
                    }
                }
            },
            {
              "weight": 24,
              "item": {
                "id": "the_vault:vault_alloy",
                "count": {
                  "type": "uniform",
                  "min": 1,
                  "max": 2
                  }
              }
            },
            {
              "weight": 12,
              "item": {
                "id": "the_vault:boots",
                "nbt": "{\"the_vault:gear_roll_type_pool\":\"ornate0\"}",
                "count": {
                  "type": "uniform",
                  "min": 1,
                  "max": 1
                  }
              }
            },
            {
              "weight": 12,
              "item": {
                "id": "the_vault:leggings",
                "nbt": "{\"the_vault:gear_roll_type_pool\":\"ornate0\"}",
                "count": {
                  "type": "uniform",
                  "min": 1,
                  "max": 1
                  }
              }
            },
            {
              "weight": 12,
              "item": {
                "id": "the_vault:chestplate",
                "nbt": "{\"the_vault:gear_roll_type_pool\":\"ornate0\"}",
                "count": {
                  "type": "uniform",
                  "min": 1,
                  "max": 1
                  }
              }
            },
            {
              "weight": 12,
              "item": {
                "id": "the_vault:helmet",
                "nbt": "{\"the_vault:gear_roll_type_pool\":\"ornate0\"}",
                "count": {
                  "type": "uniform",
                  "min": 1,
                  "max": 1
                  }
              }
            },
            {
              "weight": 12,
              "item": {
                "id": "the_vault:sword",
                "nbt": "{\"the_vault:gear_roll_type_pool\":\"ornate0\"}",
                "count": {
                  "type": "uniform",
                  "min": 1,
                  "max": 1
                  }
              }
            },
            {
              "weight": 12,
              "item": {
                "id": "the_vault:axe",
                "nbt": "{\"the_vault:gear_roll_type_pool\":\"ornate0\"}",
                "count": {
                  "type": "uniform",
                  "min": 1,
                  "max": 1
                  }
              }
            },
            {
              "weight": 12,
              "item": {
                "id": "the_vault:shield",
                "nbt": "{\"the_vault:gear_roll_type_pool\":\"ornate0\"}",
                "count": {
                  "type": "uniform",
                  "min": 1,
                  "max": 1
                  }
              }
            }
          ]
        }
      ]
    }
  ]
}