{
  "entries": [
    {
      "roll": {
        "type": "uniform",
        "min": 6,
        "max": 9
      },
      "pool": [
        { "weight": 70,
          "pool": [
            {
                "weight": 32,
                "item": {
                "id": "minecraft:stick",
                "count": {
                  "type": "uniform",
                  "min": 1,
                  "max": 3
                  }
                }
            },
            {
                "weight": 32,
                "item": {
                "id": "minecraft:torch",
                "count": {
                  "type": "uniform",
                  "min": 1,
                  "max": 3
                  }
                }
            },
            {
              "weight": 16,
              "item": {
              "id": "minecraft:scaffolding",
              "count": {
                "type": "uniform",
                "min": 1,
                "max": 2
                }
              }
            },
            {
              "weight": 16,
              "item": {
                "id": "minecraft:iron_nugget",
                "count": {
                  "type": "uniform",
                  "min": 1,
                  "max": 3
                  }
              }
            },
            {
              "weight": 8,
              "item": {
                "id": "minecraft:gold_nugget",
                "count": {
                  "type": "uniform",
                  "min": 1,
                  "max": 3
                  }
              }
            },
            {
              "weight": 16,
              "item": {
                "id": "minecraft:bread",
                "count": {
                  "type": "uniform",
                  "min": 1,
                  "max": 1
                  }
              }
            },
            {
              "weight": 8,
              "item": {
                "id": "minecraft:book",
                "count": {
                  "type": "uniform",
                  "min": 1,
                  "max": 1
                  }
              }
            },
            {
              "weight": 6,
              "item": {
                "id": "the_vault:driftwood",
                "count": {
                  "type": "uniform",
                  "min": 2,
                  "max": 4
                  }
              }
            },
            {
              "weight": 10,
              "item": {
                "id": "the_vault:chromatic_iron_nugget",
                "count": {
                  "type": "uniform",
                  "min": 1,
                  "max": 2
                  }
              }
            },
            {
              "weight": 4,
              "item": {
                "id": "the_vault:magic_silk",
                "count": {
                  "type": "uniform",
                  "min": 1,
                  "max": 1
                  }
              }
            },
            {
              "weight": 8,
              "item": {
                "id": "the_vault:carbon_nugget",
                "count": {
                  "type": "uniform",
                  "min": 3,
                  "max": 9
                  }
              }
            }
          ]
        },
        { "weight": 20,
          "pool": [
            {
              "weight": 10,
              "item": {
                "id": "the_vault:knowledge_star_essence",
                "count": {
                  "type": "uniform",
                  "min": 1,
                  "max": 2
                  }
              }
            },
            {
              "weight": 16,
              "item": {
                "id": "the_vault:raw_chromatic_iron",
                "count": {
                  "type": "uniform",
                  "min": 1,
                  "max": 2
                  }
              }
            },
            {
              "weight": 14,
              "item": {
                "id": "the_vault:diamond_nugget",
                "count": {
                  "type": "uniform",
                  "min": 3,
                  "max": 8
                  }
              }
            },
            {
              "weight": 6,
              "item": {
                "id": "the_vault:vault_plating",
                "count": {
                  "type": "uniform",
                  "min": 1,
                  "max": 1
                  }
              }
            },
            {
              "weight": 6,
              "item": {
                "id": "the_vault:magnetite",
                "count": {
                  "type": "uniform",
                  "min": 1,
                  "max": 1
                  }
              }
            }
          ]
        },
        { "weight": 8,
          "pool": [
            {
                "weight": 8,
                "item": {
                  "id": "the_vault:vault_essence",
                  "count": {
                    "type": "uniform",
                    "min": 1,
                    "max": 2
                    }
                }
            },
            {
              "weight": 12,
              "item": {
                "id": "the_vault:vault_dust",
                "count": {
                  "type": "uniform",
                  "min": 2,
                  "max": 6
                  }
              }
            },
            {
              "weight": 8,
              "item": {
                "id": "the_vault:vault_apple",
                "count": {
                  "type": "uniform",
                  "min": 1,
                  "max": 1
                  }
              }
            },
            {
              "weight": 8,
              "item": {
                "id": "the_vault:burger_bun",
                "count": {
                  "type": "uniform",
                  "min": 1,
                  "max": 1
                  }
              }
            },
            {
              "weight": 8,
              "item": {
                "id": "the_vault:burger_patty",
                "count": {
                  "type": "uniform",
                  "min": 1,
                  "max": 1
                  }
              }
            },
            {
              "weight": 6,
              "item": {
                "id": "minecraft:netherite_scrap",
                "count": {
                  "type": "uniform",
                  "min": 1,
                  "max": 1
                  }
              }
            },
            {
              "weight": 10,
              "item": {
                "id": "quark:blank_rune",
                "count": {
                  "type": "uniform",
                  "min": 1,
                  "max": 1
                  }
              }
            }
          ]
        },
        { "weight": 2,
          "pool": [
            {
                "weight": 6,
                "item": {
                  "id": "the_vault:vault_diamond",
                  "count": {
                    "type": "uniform",
                    "min": 1,
                    "max": 2
                    }
                }
            },
            {
              "weight": 8,
              "item": {
                "id": "the_vault:skill_essence",
                "count": {
                  "type": "uniform",
                  "min": 1,
                  "max": 3
                  }
              }
            },
            {
              "weight": 12,
              "item": {
                "id": "the_vault:wild_focus",
                "count": {
                  "type": "uniform",
                  "min": 1,
                  "max": 1
                  }
              }
            },
            {
              "weight": 4,
              "item": {
                "id": "the_vault:amplifying_focus",
                "count": {
                  "type": "uniform",
                  "min": 1,
                  "max": 1
                  }
              }
            },
            {
              "weight": 16,
              "item": {
                "id": "the_vault:regret_nugget",
                "count": {
                  "type": "uniform",
                  "min": 3,
                  "max": 8
                  }
              }
            },
            {
              "weight": 8,
              "item": {
                "id": "minecraft:shulker_shell",
                "count": {
                  "type": "uniform",
                  "min": 1,
                  "max": 1
                  }
              }
            },
            {
              "weight": 2,
              "item": {
                "id": "the_vault:wooden_chest_scroll",
                "count": {
                  "type": "uniform",
                  "min": 1,
                  "max": 1
                  }
              }
            }
          ]
        }
      ]
    }
  ]
}