{
  "defaultRoll": "Scrappy+",
  "rolls": {
    "Scrappy": {
      "pool": [
        {
          "value": "SCRAPPY",
          "weight": 1
        }
      ],
      "color": 12369084
    },
    "Omega": {
      "pool": [
        {
          "value": "OMEGA",
          "weight": 1
        }
      ],
      "color": 7012096
    },
    "Scrappy+": {
      "pool": [
        {
          "value": "SCRAPPY",
          "weight": 80
        },
        {
          "value": "COMMON",
          "weight": 10
        },
        {
          "value": "RARE",
          "weight": 6
        },
        {
          "value": "EPIC",
          "weight": 3
        },
        {
          "value": "OMEGA",
          "weight": 1
        }
      ],
      "color": 12369084
    },
    "Common+": {
      "pool": [
        {
          "value": "COMMON",
          "weight": 90
        },
        {
          "value": "RARE",
          "weight": 6
        },
        {
          "value": "EPIC",
          "weight": 3
        },
        {
          "value": "OMEGA",
          "weight": 1
        }
      ],
      "color": 5353215
    },
    "Rare+": {
      "pool": [
        {
          "value": "RARE",
          "weight": 96
        },
        {
          "value": "EPIC",
          "weight": 3
        },
        {
          "value": "OMEGA",
          "weight": 1
        }
      ],
      "color": 16771072
    },
    "Epic+": {
      "pool": [
        {
          "value": "EPIC",
          "weight": 99
        },
        {
          "value": "OMEGA",
          "weight": 1
        }
      ],
      "color": 16711935
    },
    "Novice": {
      "pool": [
        {
          "value": "SCRAPPY",
          "weight": 86
        },
        {
          "value": "COMMON",
          "weight": 12
        },
        {
          "value": "RARE",
          "weight": 6
        },
        {
          "value": "EPIC",
          "weight": 2
        },
        {
          "value": "OMEGA",
          "weight": 1
        }
      ],
      "color": 16773600
    },
    "Apprentice": {
      "pool": [
        {
          "value": "SCRAPPY",
          "weight": 60
        },
        {
          "value": "COMMON",
          "weight": 30
        },
        {
          "value": "RARE",
          "weight": 7
        },
        {
          "value": "EPIC",
          "weight": 3
        },
        {
          "value": "OMEGA",
          "weight": 1
        }
      ],
      "color": 16768436
    },
    "Master": {
      "pool": [
        {
          "value": "SCRAPPY",
          "weight": 25
        },
        {
          "value": "COMMON",
          "weight": 50
        },
        {
          "value": "RARE",
          "weight": 20
        },
        {
          "value": "EPIC",
          "weight": 4
        },
        {
          "value": "OMEGA",
          "weight": 1
        }
      ],
      "color": 16762241
    },
    "Artisan": {
      "pool": [
        {
          "value": "COMMON",
          "weight": 40
        },
        {
          "value": "RARE",
          "weight": 50
        },
        {
          "value": "EPIC",
          "weight": 7
        },
        {
          "value": "OMEGA",
          "weight": 3
        }
      ],
      "color": 16754495
    },
    "Master Artisan": {
      "pool": [
        {
          "value": "COMMON",
          "weight": 20
        },
        {
          "value": "RARE",
          "weight": 50
        },
        {
          "value": "EPIC",
          "weight": 24
        },
        {
          "value": "OMEGA",
          "weight": 6
        }
      ],
      "color": 16747008
    },
    "Gladiator": {
      "pool": [
        {
          "value": "COMMON",
          "weight": 15
        },
        {
          "value": "RARE",
          "weight": 6
        },
        {
          "value": "EPIC",
          "weight": 3
        },
        {
          "value": "OMEGA",
          "weight": 1
        }
      ],
      "color": 5353215
    }
  }
}